window_start,endpoint,avg_latency,max_latency,request_rate,error_rate,latency_std,errors_per_window,endpoint_frequency,error_category
2026-03-24 17:03:30+00:00,/api/db,0.4180891390258161,0.4223407894220465,0.06666666666666667,0.0,0.006012741652817884,0,2,NONE
2026-03-24 17:04:30+00:00,/api/db,0.5121432027406532,0.5121432027406532,0.03333333333333333,0.0,,0,1,NONE
2026-03-24 17:10:00+00:00,/api/db,0.4731808672536821,0.4731808672536821,0.03333333333333333,0.0,,0,1,NONE
2026-03-24 17:16:00+00:00,/api/db,0.5612707429074333,0.5612707429074333,0.03333333333333333,0.0,,0,1,NONE
2026-03-24 17:17:30+00:00,/api/db,0.5616752828537992,0.5616752828537992,0.03333333333333333,0.0,,0,1,NONE
2026-03-24 17:18:00+00:00,/api/db,0.5059672337322232,0.5059672337322232,0.03333333333333333,0.0,,0,1,NONE
2026-03-24 17:18:30+00:00,/api/db,0.29416645972456457,0.29416645972456457,0.03333333333333333,0.0,,0,1,NONE
2026-03-24 17:20:30+00:00,/api/db,0.42203154817844724,0.42203154817844724,0.03333333333333333,1.0,,1,1,DATABASE_ERROR
2026-03-24 17:22:00+00:00,/api/db,0.42819417568230206,0.42819417568230206,0.03333333333333333,0.0,,0,1,NONE
2026-03-24 17:22:30+00:00,/api/db,0.5505300638738593,0.5505300638738593,0.03333333333333333,1.0,,1,1,DATABASE_ERROR
2026-03-24 17:26:30+00:00,/api/db,0.3451708814899186,0.3451708814899186,0.03333333333333333,0.0,,0,1,NONE
2026-03-24 17:27:30+00:00,/api/db,0.38264117888122834,0.38264117888122834,0.03333333333333333,1.0,,1,1,DATABASE_ERROR
2026-03-24 17:29:00+00:00,/api/db,0.22807903177379374,0.22807903177379374,0.03333333333333333,0.0,,0,1,NONE
2026-03-24 17:36:30+00:00,/api/db,0.5087349277032511,0.5087349277032511,0.03333333333333333,0.0,,0,1,NONE
2026-03-24 17:37:30+00:00,/api/db,0.3995706559692304,0.3995706559692304,0.03333333333333333,1.0,,1,1,DATABASE_ERROR
2026-03-24 17:38:30+00:00,/api/db,0.22597440972294966,0.22597440972294966,0.03333333333333333,0.0,,0,1,NONE
2026-03-24 17:42:30+00:00,/api/db,0.39654980151921665,0.39654980151921665,0.03333333333333333,0.0,,0,1,NONE
2026-03-24 17:48:00+00:00,/api/db,0.4999871651675954,0.4999871651675954,0.03333333333333333,0.0,,0,1,NONE
2026-03-24 17:56:30+00:00,/api/db,0.42092116572890725,0.42092116572890725,0.03333333333333333,0.0,,0,1,NONE
2026-03-24 17:57:00+00:00,/api/db,0.33261805611739337,0.33261805611739337,0.03333333333333333,0.0,,0,1,NONE
2026-03-24 17:58:30+00:00,/api/db,0.5220525033058846,0.5220525033058846,0.03333333333333333,0.0,,0,1,NONE
2026-03-24 18:00:30+00:00,/api/db,0.4357030118373334,0.4987916937896854,0.06666666666666667,0.0,0.08922086964925893,0,2,NONE
2026-03-24 18:01:30+00:00,/api/db,0.47600764344337626,0.5975818875749691,0.06666666666666667,0.0,0.17193194488615626,0,2,NONE
2026-03-24 18:02:00+00:00,/api/db,0.4113464788406088,0.4113464788406088,0.03333333333333333,0.0,,0,1,NONE
2026-03-24 18:03:00+00:00,/api/db,0.28961952043519756,0.28961952043519756,0.03333333333333333,1.0,,1,1,DATABASE_ERROR
2026-03-24 18:04:30+00:00,/api/db,0.42380043310105564,0.42380043310105564,0.03333333333333333,0.0,,0,1,NONE
2026-03-24 18:05:00+00:00,/api/db,0.4268849583934076,0.4268849583934076,0.03333333333333333,0.0,,0,1,NONE
2026-03-24 18:05:30+00:00,/api/db,0.4106177039316315,0.4106177039316315,0.03333333333333333,0.0,,0,1,NONE
2026-03-24 18:06:00+00:00,/api/db,0.5259440707313816,0.5259440707313816,0.03333333333333333,1.0,,1,1,DATABASE_ERROR
2026-03-24 18:16:30+00:00,/api/db,0.2588459992281449,0.2588459992281449,0.03333333333333333,0.0,,0,1,NONE
2026-03-24 18:20:30+00:00,/api/db,0.4601919190981968,0.4601919190981968,0.03333333333333333,1.0,,1,1,DATABASE_ERROR
2026-03-24 18:22:30+00:00,/api/db,0.38301134484092986,0.38301134484092986,0.03333333333333333,0.0,,0,1,NONE
2026-03-24 18:23:30+00:00,/api/db,0.3635728029169975,0.3635728029169975,0.03333333333333333,0.0,,0,1,NONE
2026-03-24 18:26:00+00:00,/api/db,0.5405285163321243,0.5405285163321243,0.03333333333333333,0.0,,0,1,NONE
2026-03-24 18:34:00+00:00,/api/db,0.4065805978817659,0.4065805978817659,0.03333333333333333,0.0,,0,1,NONE
2026-03-24 18:37:30+00:00,/api/db,0.3127965356526089,0.4151003839208598,0.06666666666666667,0.0,0.14467948970391975,0,2,NONE
2026-03-24 18:39:30+00:00,/api/db,0.292984684411569,0.292984684411569,0.03333333333333333,0.0,,0,1,NONE
2026-03-24 18:40:30+00:00,/api/db,0.42128634786036523,0.42128634786036523,0.03333333333333333,1.0,,1,1,DATABASE_ERROR
2026-03-24 18:44:00+00:00,/api/db,0.3207611416349737,0.3207611416349737,0.03333333333333333,0.0,,0,1,NONE
2026-03-24 18:45:00+00:00,/api/db,0.3663415668545465,0.3663415668545465,0.03333333333333333,1.0,,1,1,DATABASE_ERROR
2026-03-24 18:45:30+00:00,/api/db,0.3392749429474144,0.3392749429474144,0.03333333333333333,0.0,,0,1,NONE
2026-03-24 18:46:30+00:00,/api/db,0.43845762892589807,0.43845762892589807,0.03333333333333333,1.0,,1,1,DATABASE_ERROR
2026-03-24 18:48:30+00:00,/api/db,0.4555097152719794,0.4555097152719794,0.03333333333333333,0.0,,0,1,NONE
2026-03-24 18:53:30+00:00,/api/db,0.4124274777579155,0.4124274777579155,0.03333333333333333,0.0,,0,1,NONE
2026-03-24 18:54:00+00:00,/api/db,0.3247864717536375,0.3247864717536375,0.03333333333333333,0.0,,0,1,NONE
2026-03-24 18:57:00+00:00,/api/db,0.5012148466956666,0.5012148466956666,0.03333333333333333,0.0,,0,1,NONE
2026-03-24 19:07:30+00:00,/api/db,0.4300917359918037,0.4300917359918037,0.03333333333333333,0.0,,0,1,NONE
2026-03-24 19:12:00+00:00,/api/db,0.2809340160383933,0.2809340160383933,0.03333333333333333,0.0,,0,1,NONE
2026-03-24 19:19:30+00:00,/api/db,0.3235392610632966,0.3235392610632966,0.03333333333333333,0.0,,0,1,NONE
2026-03-24 19:21:00+00:00,/api/db,0.5211261965549955,0.5211261965549955,0.03333333333333333,0.0,,0,1,NONE
2026-03-24 19:35:00+00:00,/api/db,0.5249701077106828,0.5249701077106828,0.03333333333333333,0.0,,0,1,NONE
2026-03-24 19:36:00+00:00,/api/db,0.4966119228629099,0.4966119228629099,0.03333333333333333,0.0,,0,1,NONE
2026-03-24 19:37:00+00:00,/api/db,0.5441197859677323,0.5441197859677323,0.03333333333333333,0.0,,0,1,NONE
2026-03-24 19:38:00+00:00,/api/db,0.4459849646884665,0.4459849646884665,0.03333333333333333,0.0,,0,1,NONE
2026-03-24 19:45:30+00:00,/api/db,0.6378116475054536,0.6378116475054536,0.03333333333333333,0.0,,0,1,NONE
2026-03-24 19:46:00+00:00,/api/db,0.39893398696818405,0.48476565833188723,0.06666666666666667,0.5,0.12138431372369944,1,2,DATABASE_ERROR
2026-03-24 19:47:30+00:00,/api/db,0.3956340222484622,0.3956340222484622,0.03333333333333333,0.0,,0,1,NONE
2026-03-24 19:52:00+00:00,/api/db,0.29370313718378216,0.29370313718378216,0.03333333333333333,0.0,,0,1,NONE
2026-03-24 20:01:00+00:00,/api/db,0.1652623395416689,0.1652623395416689,0.03333333333333333,0.0,,0,1,NONE
2026-03-24 20:07:30+00:00,/api/db,0.3574204830994025,0.3574204830994025,0.03333333333333333,1.0,,1,1,DATABASE_ERROR
2026-03-24 20:12:00+00:00,/api/db,0.5553448245753257,0.5553448245753257,0.03333333333333333,0.0,,0,1,NONE
2026-03-24 20:24:30+00:00,/api/db,0.31210324624220076,0.34124769684322065,0.06666666666666667,0.0,0.041216477307875025,0,2,NONE
2026-03-24 20:25:30+00:00,/api/db,0.36368871087138716,0.36368871087138716,0.03333333333333333,0.0,,0,1,NONE
2026-03-24 20:34:30+00:00,/api/db,0.49094512521841843,0.49094512521841843,0.03333333333333333,0.0,,0,1,NONE
2026-03-24 20:38:30+00:00,/api/db,0.2221543679184389,0.2221543679184389,0.03333333333333333,0.0,,0,1,NONE
2026-03-24 21:00:30+00:00,/api/db,0.386821620155836,0.386821620155836,0.03333333333333333,0.0,,0,1,NONE
2026-03-24 21:03:00+00:00,/api/db,0.5039311554544668,0.5039311554544668,0.03333333333333333,0.0,,0,1,NONE
2026-03-24 21:04:30+00:00,/api/db,0.4786308366396009,0.4786308366396009,0.03333333333333333,0.0,,0,1,NONE
2026-03-24 21:06:00+00:00,/api/db,0.42637303267927257,0.42637303267927257,0.03333333333333333,0.0,,0,1,NONE
2026-03-24 21:07:00+00:00,/api/db,0.37663960431644294,0.37663960431644294,0.03333333333333333,0.0,,0,1,NONE
2026-03-24 17:00:30+00:00,/api/error,0.2080770444218984,0.2080770444218984,0.03333333333333333,1.0,,1,1,SYSTEM_ERROR
2026-03-24 17:03:00+00:00,/api/error,0.2585591268996158,0.29498232600470664,0.06666666666666667,1.0,0.05151018215943505,2,2,SYSTEM_ERROR
2026-03-24 17:08:00+00:00,/api/error,0.14671458197402001,0.14825584571385672,0.06666666666666667,1.0,0.0021796760840709483,2,2,SYSTEM_ERROR
2026-03-24 17:10:00+00:00,/api/error,0.21410200306795354,0.21410200306795354,0.03333333333333333,1.0,,1,1,SYSTEM_ERROR
2026-03-24 17:13:30+00:00,/api/error,0.15942944872734496,0.15942944872734496,0.03333333333333333,1.0,,1,1,SYSTEM_ERROR
2026-03-24 17:17:00+00:00,/api/error,0.048069713324599805,0.048069713324599805,0.03333333333333333,1.0,,1,1,SYSTEM_ERROR
2026-03-24 17:25:00+00:00,/api/error,0.16937909602521106,0.16937909602521106,0.03333333333333333,1.0,,1,1,SYSTEM_ERROR
2026-03-24 17:26:30+00:00,/api/error,0.15386975326027882,0.15386975326027882,0.03333333333333333,1.0,,1,1,SYSTEM_ERROR
2026-03-24 17:33:00+00:00,/api/error,0.1433911530877569,0.1433911530877569,0.03333333333333333,1.0,,1,1,SYSTEM_ERROR
2026-03-24 17:33:30+00:00,/api/error,0.1637603093056423,0.1637603093056423,0.03333333333333333,1.0,,1,1,SYSTEM_ERROR
2026-03-24 17:36:00+00:00,/api/error,0.3078400632687309,0.3078400632687309,0.03333333333333333,1.0,,1,1,SYSTEM_ERROR
2026-03-24 17:37:30+00:00,/api/error,0.1051545590964241,0.1051545590964241,0.03333333333333333,1.0,,1,1,SYSTEM_ERROR
2026-03-24 17:38:00+00:00,/api/error,0.2663034916823475,0.3629702527215562,0.06666666666666667,1.0,0.13670744449232802,2,2,SYSTEM_ERROR
2026-03-24 17:38:30+00:00,/api/error,0.29083615931197976,0.29083615931197976,0.03333333333333333,1.0,,1,1,SYSTEM_ERROR
2026-03-24 17:40:00+00:00,/api/error,0.17438130397662016,0.17438130397662016,0.03333333333333333,1.0,,1,1,SYSTEM_ERROR
2026-03-24 17:41:00+00:00,/api/error,0.3263117372217829,0.3263117372217829,0.03333333333333333,1.0,,1,1,SYSTEM_ERROR
2026-03-24 17:42:00+00:00,/api/error,0.23352177071719016,0.23352177071719016,0.03333333333333333,1.0,,1,1,SYSTEM_ERROR
2026-03-24 17:43:00+00:00,/api/error,0.16035046144169346,0.16035046144169346,0.03333333333333333,1.0,,1,1,SYSTEM_ERROR
2026-03-24 17:43:30+00:00,/api/error,0.20527254464237013,0.20527254464237013,0.03333333333333333,1.0,,1,1,SYSTEM_ERROR
2026-03-24 17:46:30+00:00,/api/error,0.19594648992222974,0.19594648992222974,0.03333333333333333,1.0,,1,1,SYSTEM_ERROR
2026-03-24 17:49:00+00:00,/api/error,0.06909330213387896,0.06909330213387896,0.03333333333333333,1.0,,1,1,SYSTEM_ERROR
2026-03-24 17:49:30+00:00,/api/error,0.17532500749704755,0.17532500749704755,0.03333333333333333,1.0,,1,1,SYSTEM_ERROR
2026-03-24 17:50:00+00:00,/api/error,0.26154536743767454,0.26154536743767454,0.03333333333333333,1.0,,1,1,SYSTEM_ERROR
2026-03-24 17:50:30+00:00,/api/error,0.155875866898987,0.155875866898987,0.03333333333333333,1.0,,1,1,SYSTEM_ERROR
2026-03-24 17:52:30+00:00,/api/error,0.19230100449963652,0.19230100449963652,0.03333333333333333,1.0,,1,1,SYSTEM_ERROR
2026-03-24 17:55:30+00:00,/api/error,0.2534111575493747,0.2534111575493747,0.03333333333333333,1.0,,1,1,SYSTEM_ERROR
2026-03-24 17:56:00+00:00,/api/error,0.2938734966783423,0.2938734966783423,0.03333333333333333,1.0,,1,1,SYSTEM_ERROR
2026-03-24 17:56:30+00:00,/api/error,0.08954870588916158,0.08954870588916158,0.03333333333333333,1.0,,1,1,SYSTEM_ERROR
2026-03-24 18:00:30+00:00,/api/error,0.1575265932025043,0.1575265932025043,0.03333333333333333,1.0,,1,1,SYSTEM_ERROR
2026-03-24 18:01:30+00:00,/api/error,0.28502195973877403,0.28502195973877403,0.03333333333333333,1.0,,1,1,SYSTEM_ERROR
2026-03-24 18:05:00+00:00,/api/error,0.22516134643082888,0.22516134643082888,0.03333333333333333,1.0,,1,1,SYSTEM_ERROR
2026-03-24 18:07:00+00:00,/api/error,0.20555214341807182,0.20555214341807182,0.03333333333333333,1.0,,1,1,SYSTEM_ERROR
2026-03-24 18:07:30+00:00,/api/error,0.10247448077319067,0.10247448077319067,0.03333333333333333,1.0,,1,1,SYSTEM_ERROR
2026-03-24 18:11:00+00:00,/api/error,0.30282709383747713,0.30282709383747713,0.03333333333333333,1.0,,1,1,SYSTEM_ERROR
2026-03-24 18:12:00+00:00,/api/error,0.2057369175434699,0.2057369175434699,0.03333333333333333,1.0,,1,1,SYSTEM_ERROR
2026-03-24 18:14:00+00:00,/api/error,0.137742529016981,0.137742529016981,0.03333333333333333,1.0,,1,1,SYSTEM_ERROR
2026-03-24 18:14:30+00:00,/api/error,0.0640169240405073,0.0640169240405073,0.03333333333333333,1.0,,1,1,SYSTEM_ERROR
2026-03-24 18:21:00+00:00,/api/error,0.37054060496522007,0.37054060496522007,0.03333333333333333,1.0,,1,1,SYSTEM_ERROR
2026-03-24 18:21:30+00:00,/api/error,0.12770941160344232,0.12770941160344232,0.03333333333333333,1.0,,1,1,SYSTEM_ERROR
2026-03-24 18:25:30+00:00,/api/error,0.3923173374002123,0.3923173374002123,0.03333333333333333,1.0,,1,1,SYSTEM_ERROR
2026-03-24 18:27:00+00:00,/api/error,0.05182237849698779,0.05182237849698779,0.03333333333333333,1.0,,1,1,SYSTEM_ERROR
2026-03-24 18:27:30+00:00,/api/error,0.22657835547650082,0.22657835547650082,0.03333333333333333,1.0,,1,1,SYSTEM_ERROR
2026-03-24 18:30:30+00:00,/api/error,0.22439318806559866,0.24822444331046775,0.06666666666666667,1.0,0.03370248437566879,2,2,SYSTEM_ERROR
2026-03-24 18:33:30+00:00,/api/error,0.21655987184305048,0.24888190981695119,0.06666666666666667,1.0,0.04571026446622858,2,2,SYSTEM_ERROR
2026-03-24 18:35:00+00:00,/api/error,0.2302414594505181,0.2302414594505181,0.03333333333333333,1.0,,1,1,SYSTEM_ERROR
2026-03-24 18:35:30+00:00,/api/error,0.2693773070520227,0.2977459788157184,0.06666666666666667,1.0,0.040119360354729176,2,2,SYSTEM_ERROR
2026-03-24 18:37:00+00:00,/api/error,0.19066331216497726,0.19066331216497726,0.03333333333333333,1.0,,1,1,SYSTEM_ERROR
2026-03-24 18:38:00+00:00,/api/error,0.18972641647813526,0.27851765246909566,0.06666666666666667,1.0,0.12556977015828627,2,2,SYSTEM_ERROR
2026-03-24 18:39:30+00:00,/api/error,0.29272735581853604,0.29272735581853604,0.03333333333333333,1.0,,1,1,SYSTEM_ERROR
2026-03-24 18:42:00+00:00,/api/error,0.10154980797471852,0.10154980797471852,0.03333333333333333,1.0,,1,1,SYSTEM_ERROR
2026-03-24 18:42:30+00:00,/api/error,0.20668777745718658,0.20668777745718658,0.03333333333333333,1.0,,1,1,SYSTEM_ERROR
2026-03-24 18:45:00+00:00,/api/error,0.26161675319346034,0.26161675319346034,0.03333333333333333,1.0,,1,1,SYSTEM_ERROR
2026-03-24 18:48:00+00:00,/api/error,0.013219634085033516,0.013219634085033516,0.03333333333333333,1.0,,1,1,SYSTEM_ERROR
2026-03-24 18:52:00+00:00,/api/error,0.34564581943208333,0.34564581943208333,0.03333333333333333,1.0,,1,1,SYSTEM_ERROR
2026-03-24 18:53:30+00:00,/api/error,0.2053062358256242,0.2053062358256242,0.03333333333333333,1.0,,1,1,SYSTEM_ERROR
2026-03-24 18:54:00+00:00,/api/error,0.6019572369733197,0.6019572369733197,0.03333333333333333,1.0,,1,1,SYSTEM_ERROR
2026-03-24 18:56:00+00:00,/api/error,0.1672441480552535,0.1672441480552535,0.03333333333333333,1.0,,1,1,SYSTEM_ERROR
2026-03-24 18:56:30+00:00,/api/error,0.15970941052924248,0.15970941052924248,0.03333333333333333,1.0,,1,1,SYSTEM_ERROR
2026-03-24 18:57:00+00:00,/api/error,0.285265375859992,0.285265375859992,0.03333333333333333,1.0,,1,1,SYSTEM_ERROR
2026-03-24 19:00:00+00:00,/api/error,0.30918905173602873,0.30918905173602873,0.03333333333333333,1.0,,1,1,SYSTEM_ERROR
2026-03-24 19:01:30+00:00,/api/error,0.17119742522242493,0.17119742522242493,0.03333333333333333,1.0,,1,1,SYSTEM_ERROR
2026-03-24 19:06:30+00:00,/api/error,0.43289038722547507,0.43289038722547507,0.03333333333333333,1.0,,1,1,SYSTEM_ERROR
2026-03-24 19:07:30+00:00,/api/error,0.2126574225755349,0.2126574225755349,0.03333333333333333,1.0,,1,1,SYSTEM_ERROR
2026-03-24 19:08:00+00:00,/api/error,0.10998870193596401,0.10998870193596401,0.03333333333333333,1.0,,1,1,SYSTEM_ERROR
2026-03-24 19:10:00+00:00,/api/error,0.1407051743793596,0.1407051743793596,0.03333333333333333,1.0,,1,1,SYSTEM_ERROR
2026-03-24 19:11:30+00:00,/api/error,0.09600565840048975,0.09600565840048975,0.03333333333333333,1.0,,1,1,SYSTEM_ERROR
2026-03-24 19:14:30+00:00,/api/error,0.4152065877191866,0.4307873103476904,0.06666666666666667,1.0,0.022034469252803505,2,2,SYSTEM_ERROR
2026-03-24 19:15:30+00:00,/api/error,0.2510137665033997,0.2510137665033997,0.03333333333333333,1.0,,1,1,SYSTEM_ERROR
2026-03-24 19:16:00+00:00,/api/error,0.16202932614962062,0.16202932614962062,0.03333333333333333,1.0,,1,1,SYSTEM_ERROR
2026-03-24 19:18:00+00:00,/api/error,0.01578648005589492,0.01578648005589492,0.03333333333333333,1.0,,1,1,SYSTEM_ERROR
2026-03-24 19:21:30+00:00,/api/error,0.24589110215558946,0.24589110215558946,0.03333333333333333,1.0,,1,1,SYSTEM_ERROR
2026-03-24 19:22:00+00:00,/api/error,0.27874354623058645,0.2984221916535401,0.1,1.0,0.020211352257063737,3,3,SYSTEM_ERROR
2026-03-24 19:23:00+00:00,/api/error,0.4079321871086474,0.4079321871086474,0.03333333333333333,1.0,,1,1,SYSTEM_ERROR
2026-03-24 19:26:00+00:00,/api/error,0.24500525416137084,0.24500525416137084,0.03333333333333333,1.0,,1,1,SYSTEM_ERROR
2026-03-24 19:27:30+00:00,/api/error,0.09848356606163836,0.11319172636969548,0.06666666666666667,1.0,0.020800479785212034,2,2,SYSTEM_ERROR
2026-03-24 19:29:00+00:00,/api/error,0.1779722077072511,0.1779722077072511,0.03333333333333333,1.0,,1,1,SYSTEM_ERROR
2026-03-24 19:30:00+00:00,/api/error,0.13641491135875822,0.21853429188250223,0.06666666666666667,1.0,0.1161343416703558,2,2,SYSTEM_ERROR
2026-03-24 19:35:30+00:00,/api/error,0.13149454711561787,0.13149454711561787,0.03333333333333333,1.0,,1,1,SYSTEM_ERROR
2026-03-24 19:37:30+00:00,/api/error,0.10967918218779163,0.10967918218779163,0.03333333333333333,1.0,,1,1,SYSTEM_ERROR
2026-03-24 19:40:30+00:00,/api/error,0.38924629421022583,0.38924629421022583,0.03333333333333333,1.0,,1,1,SYSTEM_ERROR
2026-03-24 19:41:30+00:00,/api/error,0.18653290748158283,0.25034128068047984,0.06666666666666667,1.0,0.09023866677084405,2,2,SYSTEM_ERROR
2026-03-24 19:43:30+00:00,/api/error,0.1476981829377984,0.1476981829377984,0.03333333333333333,1.0,,1,1,SYSTEM_ERROR
2026-03-24 19:47:00+00:00,/api/error,0.13325436981077782,0.13325436981077782,0.03333333333333333,1.0,,1,1,SYSTEM_ERROR
2026-03-24 19:48:30+00:00,/api/error,0.2655020587373962,0.2655020587373962,0.03333333333333333,1.0,,1,1,SYSTEM_ERROR
2026-03-24 19:50:00+00:00,/api/error,0.1774604897596822,0.1774604897596822,0.03333333333333333,1.0,,1,1,SYSTEM_ERROR
2026-03-24 19:59:00+00:00,/api/error,0.08955243578496636,0.08955243578496636,0.03333333333333333,1.0,,1,1,SYSTEM_ERROR
2026-03-24 19:59:30+00:00,/api/error,0.18788767304673787,0.18788767304673787,0.03333333333333333,1.0,,1,1,SYSTEM_ERROR
2026-03-24 20:01:00+00:00,/api/error,0.1667627236538568,0.1667627236538568,0.03333333333333333,1.0,,1,1,SYSTEM_ERROR
2026-03-24 20:01:30+00:00,/api/error,0.0827538874608975,0.0827538874608975,0.03333333333333333,1.0,,1,1,SYSTEM_ERROR
2026-03-24 20:02:00+00:00,/api/error,0.3312611395861439,0.3312611395861439,0.03333333333333333,1.0,,1,1,SYSTEM_ERROR
2026-03-24 20:08:00+00:00,/api/error,0.1851458627551772,0.1851458627551772,0.03333333333333333,1.0,,1,1,SYSTEM_ERROR
2026-03-24 20:09:30+00:00,/api/error,0.3632055065633124,0.3632055065633124,0.03333333333333333,1.0,,1,1,SYSTEM_ERROR
2026-03-24 20:14:00+00:00,/api/error,0.2501310004924243,0.2501310004924243,0.03333333333333333,1.0,,1,1,SYSTEM_ERROR
2026-03-24 20:15:00+00:00,/api/error,0.11883339873831139,0.11883339873831139,0.03333333333333333,1.0,,1,1,SYSTEM_ERROR
2026-03-24 20:19:30+00:00,/api/error,0.07990330957694017,0.07990330957694017,0.03333333333333333,1.0,,1,1,SYSTEM_ERROR
2026-03-24 20:20:00+00:00,/api/error,0.06229981599550419,0.10552444409497364,0.06666666666666667,1.0,0.06112885528680287,2,2,SYSTEM_ERROR
2026-03-24 20:21:30+00:00,/api/error,0.10926476260218129,0.10926476260218129,0.03333333333333333,1.0,,1,1,SYSTEM_ERROR
2026-03-24 20:30:30+00:00,/api/error,0.17407542443356888,0.17407542443356888,0.03333333333333333,1.0,,1,1,SYSTEM_ERROR
2026-03-24 20:31:30+00:00,/api/error,0.1725286623025274,0.2741813203915676,0.06666666666666667,1.0,0.1437585677207958,2,2,SYSTEM_ERROR
2026-03-24 20:32:30+00:00,/api/error,0.11340267834852352,0.11340267834852352,0.03333333333333333,1.0,,1,1,SYSTEM_ERROR
2026-03-24 20:37:30+00:00,/api/error,0.012901961547678586,0.012901961547678586,0.03333333333333333,1.0,,1,1,SYSTEM_ERROR
2026-03-24 20:39:30+00:00,/api/error,0.19186320557191358,0.19186320557191358,0.03333333333333333,1.0,,1,1,SYSTEM_ERROR
2026-03-24 20:48:30+00:00,/api/error,0.03043995263214533,0.03043995263214533,0.03333333333333333,1.0,,1,1,SYSTEM_ERROR
2026-03-24 20:51:00+00:00,/api/error,0.23040366618499786,0.23040366618499786,0.03333333333333333,1.0,,1,1,SYSTEM_ERROR
2026-03-24 20:53:00+00:00,/api/error,0.2555071664780157,0.2555071664780157,0.03333333333333333,1.0,,1,1,SYSTEM_ERROR
2026-03-24 20:56:30+00:00,/api/error,0.1761644699766876,0.1761644699766876,0.03333333333333333,1.0,,1,1,SYSTEM_ERROR
2026-03-24 20:59:00+00:00,/api/error,0.16829168912655723,0.16829168912655723,0.03333333333333333,1.0,,1,1,SYSTEM_ERROR
2026-03-24 21:00:00+00:00,/api/error,0.14050435709720854,0.2532073985086512,0.06666666666666667,1.0,0.1593861696847588,2,2,SYSTEM_ERROR
2026-03-24 21:02:30+00:00,/api/error,0.02175306392561921,0.02175306392561921,0.03333333333333333,1.0,,1,1,SYSTEM_ERROR
2026-03-24 21:04:30+00:00,/api/error,0.1269676717552955,0.1269676717552955,0.03333333333333333,1.0,,1,1,SYSTEM_ERROR
2026-03-24 21:05:00+00:00,/api/error,0.14749779295622223,0.14749779295622223,0.03333333333333333,1.0,,1,1,SYSTEM_ERROR
2026-03-24 21:05:30+00:00,/api/error,0.12757479657049914,0.12757479657049914,0.03333333333333333,1.0,,1,1,SYSTEM_ERROR
2026-03-24 16:59:00+00:00,/api/normal,0.16090640299480852,0.2209424481216789,0.1,0.0,0.05330281387631069,0,3,NONE
2026-03-24 16:59:30+00:00,/api/normal,0.19130453932700803,0.21980130618825583,0.16666666666666666,0.0,0.027360878539469592,0,5,NONE
2026-03-24 17:00:00+00:00,/api/normal,0.16514193887459463,0.34124767239456755,0.1,0.0,0.17028973842125103,0,3,NONE
2026-03-24 17:00:30+00:00,/api/normal,0.22857428606687913,0.2604888549105819,0.06666666666666667,0.0,0.04513401609605426,0,2,NONE
2026-03-24 17:01:00+00:00,/api/normal,0.15721326896787893,0.23497746538876946,0.13333333333333333,0.0,0.10165824562177207,0,4,NONE
2026-03-24 17:01:30+00:00,/api/normal,0.21363136743400238,0.3245948917294207,0.16666666666666666,0.0,0.07585701294756046,0,5,NONE
2026-03-24 17:02:00+00:00,/api/normal,0.23548269591031754,0.2624971694215197,0.13333333333333333,0.0,0.05201649064048407,0,4,NONE
2026-03-24 17:02:30+00:00,/api/normal,0.08833854360226384,0.14707755371827094,0.06666666666666667,0.0,0.08306950474642767,0,2,NONE
2026-03-24 17:03:00+00:00,/api/normal,0.25819852518420117,0.46017440365421397,0.13333333333333333,0.0,0.14053121528662924,0,4,NONE
2026-03-24 17:03:30+00:00,/api/normal,0.14946374844403507,0.25044844759572704,0.06666666666666667,0.0,0.14281393113248958,0,2,NONE
2026-03-24 17:04:00+00:00,/api/normal,0.1584978066686441,0.19379312735344095,0.06666666666666667,0.0,0.04991512120074733,0,2,NONE
2026-03-24 17:04:30+00:00,/api/normal,0.20265362628902986,0.2818064799657539,0.16666666666666666,0.0,0.06953017534136616,0,5,NONE
2026-03-24 17:05:00+00:00,/api/normal,0.19210234008103053,0.34658557130953005,0.16666666666666666,0.0,0.11084119185934489,0,5,NONE
2026-03-24 17:05:30+00:00,/api/normal,0.2469545501067145,0.35295326741887656,0.13333333333333333,0.0,0.15339512282582748,0,4,NONE
2026-03-24 17:06:00+00:00,/api/normal,0.17271632895188765,0.3769817527706304,0.16666666666666666,0.0,0.11784891759381186,0,5,NONE
2026-03-24 17:06:30+00:00,/api/normal,0.21708633599302637,0.3389455473886842,0.13333333333333333,0.0,0.11247416478876644,0,4,NONE
2026-03-24 17:07:00+00:00,/api/normal,0.1821006343798543,0.23974181869510924,0.13333333333333333,0.0,0.04069507645414046,0,4,NONE
2026-03-24 17:07:30+00:00,/api/normal,0.18192229540824026,0.23729334042131375,0.2,0.0,0.05728543707217835,0,6,NONE
2026-03-24 17:08:00+00:00,/api/normal,0.16160816932455022,0.3455104045998294,0.13333333333333333,0.0,0.16187727974892455,0,4,NONE
2026-03-24 17:08:30+00:00,/api/normal,0.1786055858855352,0.44424054572940747,0.2,0.0,0.1410370654659519,0,6,NONE
2026-03-24 17:09:00+00:00,/api/normal,0.2238035307434896,0.29389680612438585,0.13333333333333333,0.0,0.047718715497635324,0,4,NONE
2026-03-24 17:09:30+00:00,/api/normal,0.27828359272615316,0.3991362276280475,0.13333333333333333,0.0,0.11646825418859438,0,4,NONE
2026-03-24 17:10:00+00:00,/api/normal,0.20731411034916675,0.2951882147547065,0.06666666666666667,0.0,0.12427275023170369,0,2,NONE
2026-03-24 17:10:30+00:00,/api/normal,0.1617238702314884,0.265695574431199,0.2,0.0,0.07186923682639723,0,6,NONE
2026-03-24 17:11:00+00:00,/api/normal,0.2077214721886711,0.28643437717297854,0.16666666666666666,0.0,0.08784489591941506,0,5,NONE
2026-03-24 17:11:30+00:00,/api/normal,0.2669629159552966,0.44595300214058153,0.16666666666666666,0.0,0.1256598408889231,0,5,NONE
2026-03-24 17:12:00+00:00,/api/normal,0.2830823402046273,0.367729790259506,0.13333333333333333,0.0,0.14774953391478268,0,4,NONE
2026-03-24 17:12:30+00:00,/api/normal,0.1920988463120343,0.27971582717280075,0.16666666666666666,0.0,0.09671711945605063,0,5,NONE
2026-03-24 17:13:00+00:00,/api/normal,0.27486159684286143,0.4154225011601193,0.16666666666666666,0.0,0.08925615661774176,0,5,NONE
2026-03-24 17:13:30+00:00,/api/normal,0.16027262672319906,0.21325059864743517,0.1,0.0,0.04596934300689453,0,3,NONE
2026-03-24 17:14:00+00:00,/api/normal,0.24794641532982778,0.3480602678270647,0.16666666666666666,0.0,0.0770940683979079,0,5,NONE
2026-03-24 17:14:30+00:00,/api/normal,0.1682234161486503,0.3143241648280756,0.16666666666666666,0.0,0.09360450709666898,0,5,NONE
2026-03-24 17:15:00+00:00,/api/normal,0.2656482923156684,0.3049324783173879,0.1,0.0,0.03525228289109456,0,3,NONE
2026-03-24 17:15:30+00:00,/api/normal,0.22324471568334414,0.34236419658900247,0.13333333333333333,0.0,0.08510596479718645,0,4,NONE
2026-03-24 17:16:00+00:00,/api/normal,0.16740149949100336,0.3287555980356267,0.13333333333333333,0.0,0.12261389709845132,0,4,NONE
2026-03-24 17:16:30+00:00,/api/normal,0.1652231139787947,0.234296947050179,0.13333333333333333,0.0,0.0604123470255914,0,4,NONE
2026-03-24 17:17:00+00:00,/api/normal,0.2372312865141426,0.38874304396433235,0.13333333333333333,0.0,0.15513071064691902,0,4,NONE
2026-03-24 17:17:30+00:00,/api/normal,0.09332104414298152,0.17549703428645397,0.1,0.0,0.07116650558653247,0,3,NONE
2026-03-24 17:18:00+00:00,/api/normal,0.13518215211495524,0.20699354143010026,0.06666666666666667,0.0,0.10155664070233246,0,2,NONE
2026-03-24 17:18:30+00:00,/api/normal,0.24670199221832653,0.27662891664290434,0.16666666666666666,0.0,0.03089581565990797,0,5,NONE
2026-03-24 17:19:00+00:00,/api/normal,0.22895243929425999,0.39050999498448086,0.16666666666666666,0.0,0.13599994438255264,0,5,NONE
2026-03-24 17:19:30+00:00,/api/normal,0.21581271551984607,0.26663542410887686,0.16666666666666666,0.0,0.03178185001635004,0,5,NONE
2026-03-24 17:20:00+00:00,/api/normal,0.22223036095029247,0.3455446594186442,0.16666666666666666,0.0,0.13758571303664832,0,5,NONE
2026-03-24 17:20:30+00:00,/api/normal,0.21556441311963614,0.28400034765954474,0.1,0.0,0.07224074026500577,0,3,NONE
2026-03-24 17:21:00+00:00,/api/normal,0.19427171450028005,0.3132174952082028,0.2,0.0,0.11256982802645929,0,6,NONE
2026-03-24 17:21:30+00:00,/api/normal,0.18148121765550643,0.25344452875702544,0.13333333333333333,0.0,0.057553391871606185,0,4,NONE
2026-03-24 17:22:00+00:00,/api/normal,0.22813446979615162,0.27247318050581615,0.13333333333333333,0.0,0.05498798236241999,0,4,NONE
2026-03-24 17:22:30+00:00,/api/normal,0.23080926774988833,0.3012800370363178,0.1,0.0,0.06502455683684905,0,3,NONE
2026-03-24 17:23:00+00:00,/api/normal,0.17359316916420156,0.27305072844305167,0.2,0.0,0.07220587503708065,0,6,NONE
2026-03-24 17:23:30+00:00,/api/normal,0.2821304737609803,0.38811257759738815,0.13333333333333333,0.0,0.11650521346236145,0,4,NONE
2026-03-24 17:24:00+00:00,/api/normal,0.2015196182014115,0.2735912662419138,0.13333333333333333,0.0,0.07854517219665526,0,4,NONE
2026-03-24 17:24:30+00:00,/api/normal,0.10421192408137805,0.23450670910331353,0.13333333333333333,0.0,0.09419705768567045,0,4,NONE
2026-03-24 17:25:00+00:00,/api/normal,0.17485754632795775,0.25873932951670175,0.13333333333333333,0.0,0.07327586033383118,0,4,NONE
2026-03-24 17:25:30+00:00,/api/normal,0.304152875693021,0.32434666217621977,0.06666666666666667,0.0,0.02855832672020616,0,2,NONE
2026-03-24 17:26:00+00:00,/api/normal,0.22110206825931006,0.2714044737091368,0.13333333333333333,0.0,0.05244542349490036,0,4,NONE
2026-03-24 17:26:30+00:00,/api/normal,0.20578179185835674,0.39500407970149254,0.1,0.0,0.16640700496592803,0,3,NONE
2026-03-24 17:27:00+00:00,/api/normal,0.21824391083356612,0.3803259883690534,0.2,0.0,0.1271904990445138,0,6,NONE
2026-03-24 17:27:30+00:00,/api/normal,0.15023858372936885,0.2461021626689726,0.13333333333333333,0.0,0.07189841791657334,0,4,NONE
2026-03-24 17:28:00+00:00,/api/normal,0.17967218476964086,0.26299876167503033,0.2,0.0,0.07777134978385095,0,6,NONE
2026-03-24 17:28:30+00:00,/api/normal,0.19943942242746765,0.2526232848811386,0.13333333333333333,0.0,0.04550192217092066,0,4,NONE
2026-03-24 17:29:00+00:00,/api/normal,0.23204107764832002,0.3366338719226417,0.16666666666666666,0.0,0.0713732205204214,0,5,NONE
2026-03-24 17:29:30+00:00,/api/normal,0.19532311442914935,0.21701855306875317,0.13333333333333333,0.0,0.031140093475276305,0,4,NONE
2026-03-24 17:30:00+00:00,/api/normal,0.14225411853582814,0.26543631836416154,0.16666666666666666,0.0,0.07362808740370874,0,5,NONE
2026-03-24 17:30:30+00:00,/api/normal,0.20229180281024828,0.2872257961286894,0.13333333333333333,0.0,0.05932130593885446,0,4,NONE
2026-03-24 17:31:00+00:00,/api/normal,0.28384434317698737,0.3510124627378978,0.16666666666666666,0.0,0.06604542481102074,0,5,NONE
2026-03-24 17:31:30+00:00,/api/normal,0.21042549709594116,0.3675720007410015,0.16666666666666666,0.0,0.1315252240302994,0,5,NONE
2026-03-24 17:32:00+00:00,/api/normal,0.13952633876468198,0.29056543720129346,0.2,0.0,0.08275696883267458,0,6,NONE
2026-03-24 17:32:30+00:00,/api/normal,0.20286439871857267,0.2785406217766455,0.2,0.0,0.07068645025367393,0,6,NONE
2026-03-24 17:33:00+00:00,/api/normal,0.2441025411465895,0.2935385475067088,0.1,0.0,0.06436005070699753,0,3,NONE
2026-03-24 17:33:30+00:00,/api/normal,0.22350859667123893,0.3080650353732608,0.1,0.0,0.11071648775218179,0,3,NONE
2026-03-24 17:34:00+00:00,/api/normal,0.12113925263772708,0.29685619677986935,0.2,0.0,0.10372531487183954,0,6,NONE
2026-03-24 17:34:30+00:00,/api/normal,0.19728403825048754,0.3884162294152092,0.13333333333333333,0.0,0.15666874594893507,0,4,NONE
2026-03-24 17:35:00+00:00,/api/normal,0.203826156236178,0.35661503046572857,0.13333333333333333,0.0,0.11495717483478171,0,4,NONE
2026-03-24 17:35:30+00:00,/api/normal,0.25297851929621806,0.30095640563954257,0.13333333333333333,0.0,0.04441227626007677,0,4,NONE
2026-03-24 17:36:00+00:00,/api/normal,0.08906697101683629,0.19649421872642325,0.1,0.0,0.09513298720057144,0,3,NONE
2026-03-24 17:36:30+00:00,/api/normal,0.2066642091714498,0.3304295348721201,0.1,0.0,0.13674954987223167,0,3,NONE
2026-03-24 17:37:00+00:00,/api/normal,0.25864545201640443,0.30863261771182826,0.13333333333333333,0.0,0.06266877676464817,0,4,NONE
2026-03-24 17:37:30+00:00,/api/normal,0.13966763835264448,0.1839606619099526,0.1,0.0,0.052511749136183054,0,3,NONE
2026-03-24 17:38:00+00:00,/api/normal,0.2400140135527012,0.3585021281841998,0.13333333333333333,0.0,0.14569345222046567,0,4,NONE
2026-03-24 17:38:30+00:00,/api/normal,0.18535750596456044,0.3156896997409159,0.1,0.0,0.11328908977567081,0,3,NONE
2026-03-24 17:39:00+00:00,/api/normal,0.2311753417400091,0.38824066181834094,0.1,0.0,0.16654807517642728,0,3,NONE
2026-03-24 17:39:30+00:00,/api/normal,0.14015314728298933,0.32260318507117214,0.16666666666666666,0.0,0.1133762257204136,0,5,NONE
2026-03-24 17:40:00+00:00,/api/normal,0.24060562440950467,0.3989291757229765,0.16666666666666666,0.0,0.12146910121244653,0,5,NONE
2026-03-24 17:40:30+00:00,/api/normal,0.16266958917217375,0.26141565058482885,0.16666666666666666,0.0,0.10046688346280798,0,5,NONE
2026-03-24 17:41:00+00:00,/api/normal,0.11557512370279971,0.23338577088647586,0.13333333333333333,0.0,0.08320248519008201,0,4,NONE
2026-03-24 17:41:30+00:00,/api/normal,0.12914959961477848,0.20301365208599415,0.16666666666666666,0.0,0.06785911075234148,0,5,NONE
2026-03-24 17:42:00+00:00,/api/normal,0.15482893817030813,0.19402607547709383,0.13333333333333333,0.0,0.038651892021516775,0,4,NONE
2026-03-24 17:42:30+00:00,/api/normal,0.18074944473055268,0.3658598037958621,0.13333333333333333,0.0,0.12423648908222085,0,4,NONE
2026-03-24 17:43:00+00:00,/api/normal,0.26917575968499297,0.3791269111092307,0.16666666666666666,0.0,0.08290383267148577,0,5,NONE
2026-03-24 17:43:30+00:00,/api/normal,0.19113433376859418,0.24379194668038193,0.06666666666666667,0.0,0.07446911034204286,0,2,NONE
2026-03-24 17:44:00+00:00,/api/normal,0.18006275045935546,0.2715936369384762,0.2,0.0,0.08766138758260045,0,6,NONE
2026-03-24 17:44:30+00:00,/api/normal,0.15756698645352432,0.2533508300091294,0.2,0.0,0.0786084834263675,0,6,NONE
2026-03-24 17:45:00+00:00,/api/normal,0.2808542227031447,0.3869707138300723,0.16666666666666666,0.0,0.07544100147064439,0,5,NONE
2026-03-24 17:45:30+00:00,/api/normal,0.1555113163243687,0.2167616026052719,0.16666666666666666,0.0,0.04592596716835112,0,5,NONE
2026-03-24 17:46:00+00:00,/api/normal,0.20575031471047925,0.3369856675280274,0.2,0.0,0.08816960879180706,0,6,NONE
2026-03-24 17:46:30+00:00,/api/normal,0.19685606617300017,0.30692750478272557,0.16666666666666666,0.0,0.08687630120070937,0,5,NONE
2026-03-24 17:47:00+00:00,/api/normal,0.11524931932656082,0.16798430719446616,0.13333333333333333,0.0,0.06867324346082947,0,4,NONE
2026-03-24 17:47:30+00:00,/api/normal,0.15416734407079408,0.24011422981816766,0.2,0.0,0.06591095842761524,0,6,NONE
2026-03-24 17:48:00+00:00,/api/normal,0.12339086637182464,0.21534809102043398,0.13333333333333333,0.0,0.06865127304898866,0,4,NONE
2026-03-24 17:48:30+00:00,/api/normal,0.21831339085893173,0.37761833839358805,0.16666666666666666,0.0,0.1231874400809105,0,5,NONE
2026-03-24 17:49:00+00:00,/api/normal,0.16472844775164658,0.2241149672217878,0.13333333333333333,0.0,0.069768710049905,0,4,NONE
2026-03-24 17:49:30+00:00,/api/normal,0.24328873530297065,0.30402361371648123,0.06666666666666667,0.0,0.08589208876146759,0,2,NONE
2026-03-24 17:50:00+00:00,/api/normal,0.2164100909680805,0.3213221788696331,0.13333333333333333,0.0,0.08761138346689072,0,4,NONE
2026-03-24 17:50:30+00:00,/api/normal,0.13496773101190468,0.2466946233556257,0.16666666666666666,0.0,0.08590620534176585,0,5,NONE
2026-03-24 17:51:00+00:00,/api/normal,0.18809938245717875,0.3133812253486554,0.2,0.0,0.07701505133361221,0,6,NONE
2026-03-24 17:51:30+00:00,/api/normal,0.3177073648603048,0.3680233898775932,0.13333333333333333,0.0,0.05279632731133613,0,4,NONE
2026-03-24 17:52:00+00:00,/api/normal,0.16307460772669258,0.2934715951344132,0.2,0.0,0.09515408736004921,0,6,NONE
2026-03-24 17:52:30+00:00,/api/normal,0.14386472867979674,0.15428810574679674,0.06666666666666667,0.0,0.014740881213880093,0,2,NONE
2026-03-24 17:53:00+00:00,/api/normal,0.23413939063023576,0.3528283359832396,0.16666666666666666,0.0,0.10449861147092021,0,5,NONE
2026-03-24 17:53:30+00:00,/api/normal,0.19378548212860425,0.26490371555842956,0.2,0.0,0.0736644183289046,0,6,NONE
2026-03-24 17:54:00+00:00,/api/normal,0.16257361208633753,0.19963150342395522,0.16666666666666666,0.0,0.0387227506863721,0,5,NONE
2026-03-24 17:54:30+00:00,/api/normal,0.11250128867824287,0.18274602203991774,0.1,0.0,0.07096929226656595,0,3,NONE
2026-03-24 17:55:00+00:00,/api/normal,0.22850831474844754,0.29914054139639146,0.13333333333333333,0.0,0.05479852421266201,0,4,NONE
2026-03-24 17:55:30+00:00,/api/normal,0.159721466397741,0.22639996768495554,0.06666666666666667,0.0,0.09429764083909066,0,2,NONE
2026-03-24 17:56:00+00:00,/api/normal,0.13160846664347386,0.2869585033794587,0.13333333333333333,0.0,0.13374183522468291,0,4,NONE
2026-03-24 17:56:30+00:00,/api/normal,0.07902774391310385,0.11296941527468207,0.06666666666666667,0.0,0.04800077196915439,0,2,NONE
2026-03-24 17:57:00+00:00,/api/normal,0.2357507823724784,0.43366750368436563,0.16666666666666666,0.0,0.1175880859076072,0,5,NONE
2026-03-24 17:57:30+00:00,/api/normal,0.2269411773725559,0.29701146268124473,0.16666666666666666,0.0,0.06885806573052411,0,5,NONE
2026-03-24 17:58:00+00:00,/api/normal,0.22101891533738346,0.42590171052848735,0.2,0.0,0.15362637585525388,0,6,NONE
2026-03-24 17:58:30+00:00,/api/normal,0.1223779149372804,0.24505593511175136,0.1,0.0,0.11336331464713746,0,3,NONE
2026-03-24 17:59:00+00:00,/api/normal,0.15517123005536715,0.27360160387338806,0.16666666666666666,0.0,0.12703090763277186,0,5,NONE
2026-03-24 17:59:30+00:00,/api/normal,0.2519762648518709,0.2919939693003346,0.13333333333333333,0.0,0.04541451637524309,0,4,NONE
2026-03-24 18:00:00+00:00,/api/normal,0.14067995928710758,0.2749535385500626,0.16666666666666666,0.0,0.08292802247806133,0,5,NONE
2026-03-24 18:00:30+00:00,/api/normal,0.126102271690804,0.16381407188342514,0.06666666666666667,0.0,0.05333253929390909,0,2,NONE
2026-03-24 18:01:00+00:00,/api/normal,0.22712950132091542,0.32483589964642223,0.13333333333333333,0.0,0.11279735454524237,0,4,NONE
2026-03-24 18:01:30+00:00,/api/normal,0.22587689824209334,0.22587689824209334,0.03333333333333333,0.0,,0,1,NONE
2026-03-24 18:02:00+00:00,/api/normal,0.19926169146510586,0.27592713636219773,0.1,0.0,0.12058545131335889,0,3,NONE
2026-03-24 18:02:30+00:00,/api/normal,0.19030296021685505,0.3206916460486539,0.13333333333333333,0.0,0.1008130590648764,0,4,NONE
2026-03-24 18:03:00+00:00,/api/normal,0.14730470217696306,0.19804534505853946,0.13333333333333333,0.0,0.06993237723822947,0,4,NONE
2026-03-24 18:03:30+00:00,/api/normal,0.1890747613936148,0.37474449441683116,0.16666666666666666,0.0,0.12380888194404618,0,5,NONE
2026-03-24 18:04:00+00:00,/api/normal,0.22853027640762766,0.32384380413945196,0.16666666666666666,0.0,0.07518677000215947,0,5,NONE
2026-03-24 18:04:30+00:00,/api/normal,0.24827089470644287,0.4146262538450245,0.16666666666666666,0.0,0.11571918721173523,0,5,NONE
2026-03-24 18:05:00+00:00,/api/normal,0.23218663457467825,0.31052789317409357,0.06666666666666667,0.0,0.11079127040467103,0,2,NONE
2026-03-24 18:05:30+00:00,/api/normal,0.3432317770826767,0.3959970485544627,0.06666666666666667,0.0,0.07462136253769794,0,2,NONE
2026-03-24 18:06:00+00:00,/api/normal,0.1279395900192573,0.13536598292806834,0.13333333333333333,0.0,0.005052793126172114,0,4,NONE
2026-03-24 18:06:30+00:00,/api/normal,0.14370507981871747,0.1907329422672202,0.16666666666666666,0.0,0.03583045127109103,0,5,NONE
2026-03-24 18:07:00+00:00,/api/normal,0.18543178410056388,0.19386786225695768,0.06666666666666667,0.0,0.011930416142011558,0,2,NONE
2026-03-24 18:07:30+00:00,/api/normal,0.1815054371823718,0.24787562059756346,0.13333333333333333,0.0,0.05889216734328127,0,4,NONE
2026-03-24 18:08:00+00:00,/api/normal,0.17441571109027879,0.29679642796120753,0.2,0.0,0.08820982920401463,0,6,NONE
2026-03-24 18:08:30+00:00,/api/normal,0.2565790148261841,0.3396102948126495,0.2,0.0,0.10393550356836598,0,6,NONE
2026-03-24 18:09:00+00:00,/api/normal,0.16319084843456796,0.23615689537849746,0.1,0.0,0.08546533318013395,0,3,NONE
2026-03-24 18:09:30+00:00,/api/normal,0.19988850452878024,0.45844109850450243,0.16666666666666666,0.0,0.15610425604872163,0,5,NONE
2026-03-24 18:10:00+00:00,/api/normal,0.09576832703539852,0.2125747740243249,0.1,0.0,0.1030583046570617,0,3,NONE
2026-03-24 18:10:30+00:00,/api/normal,0.2325049000750817,0.45197943498478244,0.16666666666666666,0.0,0.14955106632889384,0,5,NONE
2026-03-24 18:11:00+00:00,/api/normal,0.15762522436902765,0.16231957066117078,0.06666666666666667,0.0,0.006638808192824639,0,2,NONE
2026-03-24 18:11:30+00:00,/api/normal,0.2280669459073621,0.36733157271971145,0.13333333333333333,0.0,0.10166015947547155,0,4,NONE
2026-03-24 18:12:00+00:00,/api/normal,0.15136683208166984,0.1598958468523619,0.06666666666666667,0.0,0.012061848362393164,0,2,NONE
2026-03-24 18:12:30+00:00,/api/normal,0.12409144959304039,0.22776038902768542,0.16666666666666666,0.0,0.0713826291388966,0,5,NONE
2026-03-24 18:13:00+00:00,/api/normal,0.18035642785933953,0.3833034842784491,0.16666666666666666,0.0,0.11866812015485917,0,5,NONE
2026-03-24 18:13:30+00:00,/api/normal,0.20637258650388088,0.33929668566265436,0.16666666666666666,0.0,0.12874226606911543,0,5,NONE
2026-03-24 18:14:00+00:00,/api/normal,0.2718074703800992,0.3665458004369292,0.13333333333333333,0.0,0.13894462255903464,0,4,NONE
2026-03-24 18:14:30+00:00,/api/normal,0.2506460027558983,0.36381255557270165,0.16666666666666666,0.0,0.07331078422575911,0,5,NONE
2026-03-24 18:15:00+00:00,/api/normal,0.11234855471088694,0.2374066854491995,0.16666666666666666,0.0,0.08897084259852407,0,5,NONE
2026-03-24 18:15:30+00:00,/api/normal,0.2150882904633738,0.2511001797806042,0.16666666666666666,0.0,0.03293370968328447,0,5,NONE
2026-03-24 18:16:00+00:00,/api/normal,0.16636737699616988,0.2679166490546695,0.2,0.0,0.07949277515698358,0,6,NONE
2026-03-24 18:16:30+00:00,/api/normal,0.24524376040107318,0.29388156702189633,0.1,0.0,0.07232428568501739,0,3,NONE
2026-03-24 18:17:00+00:00,/api/normal,0.20103880427288343,0.2899880698842554,0.1,0.0,0.14104240160142878,0,3,NONE
2026-03-24 18:17:30+00:00,/api/normal,0.1701669380309674,0.3216355895085946,0.1,0.0,0.14291127414971283,0,3,NONE
2026-03-24 18:18:00+00:00,/api/normal,0.2132620738403025,0.26816319699571983,0.13333333333333333,0.0,0.06405616723968571,0,4,NONE
2026-03-24 18:18:30+00:00,/api/normal,0.17706435901170123,0.3028397082963328,0.2,0.0,0.08218701299768714,0,6,NONE
2026-03-24 18:19:00+00:00,/api/normal,0.18792277649759082,0.26830961648645935,0.16666666666666666,0.0,0.08130798444836132,0,5,NONE
2026-03-24 18:19:30+00:00,/api/normal,0.2559949538373079,0.3734536454081834,0.16666666666666666,0.0,0.08421131215345157,0,5,NONE
2026-03-24 18:20:00+00:00,/api/normal,0.2924907033371496,0.4963797023537006,0.16666666666666666,0.0,0.1254159077934501,0,5,NONE
2026-03-24 18:20:30+00:00,/api/normal,0.27352879969634264,0.3592896885662019,0.13333333333333333,0.0,0.13938403751603304,0,4,NONE
2026-03-24 18:21:00+00:00,/api/normal,0.3506094258738695,0.46204786585451424,0.1,0.0,0.11324574938776705,0,3,NONE
2026-03-24 18:21:30+00:00,/api/normal,0.3044780063445899,0.35419762330833293,0.06666666666666667,0.0,0.07031415662612088,0,2,NONE
2026-03-24 18:22:00+00:00,/api/normal,0.20623740666989518,0.3506228789810711,0.2,0.0,0.12202428591544835,0,6,NONE
2026-03-24 18:22:30+00:00,/api/normal,0.2125855708167649,0.29777564109038435,0.13333333333333333,0.0,0.0914235438525348,0,4,NONE
2026-03-24 18:23:00+00:00,/api/normal,0.18476649559540295,0.3093847755087009,0.2,0.0,0.10188277547382314,0,6,NONE
2026-03-24 18:23:30+00:00,/api/normal,0.13043888097502415,0.2117079699397294,0.16666666666666666,0.0,0.07913981959124848,0,5,NONE
2026-03-24 18:24:00+00:00,/api/normal,0.19843338351403572,0.32946581743805103,0.1,0.0,0.16033916763758788,0,3,NONE
2026-03-24 18:24:30+00:00,/api/normal,0.21161288118309782,0.29971993086127235,0.16666666666666666,0.0,0.10432555055829155,0,5,NONE
2026-03-24 18:25:00+00:00,/api/normal,0.270496068964087,0.30881269773978565,0.1,0.0,0.034683316095894125,0,3,NONE
2026-03-24 18:25:30+00:00,/api/normal,0.23515684592281305,0.291189489525142,0.06666666666666667,0.0,0.07924212451803164,0,2,NONE
2026-03-24 18:26:00+00:00,/api/normal,0.13849305654499633,0.19682310491738117,0.13333333333333333,0.0,0.04495963587694486,0,4,NONE
2026-03-24 18:26:30+00:00,/api/normal,0.23630398849890027,0.36189742582526263,0.13333333333333333,0.0,0.10643950601939821,0,4,NONE
2026-03-24 18:27:00+00:00,/api/normal,0.12146279066321408,0.16490993246317598,0.1,0.0,0.03785067693779928,0,3,NONE
2026-03-24 18:27:30+00:00,/api/normal,0.20356265278513894,0.3560112292887879,0.13333333333333333,0.0,0.1071398180460476,0,4,NONE
2026-03-24 18:28:00+00:00,/api/normal,0.2519691609695126,0.3537803868259497,0.13333333333333333,0.0,0.08899502447434836,0,4,NONE
2026-03-24 18:28:30+00:00,/api/normal,0.21148150771289984,0.29144471279783934,0.16666666666666666,0.0,0.04862730002278894,0,5,NONE
2026-03-24 18:29:00+00:00,/api/normal,0.08844235538584108,0.1881437529553171,0.13333333333333333,0.0,0.06809199204349556,0,4,NONE
2026-03-24 18:29:30+00:00,/api/normal,0.17895187716838873,0.23570556537939732,0.16666666666666666,0.0,0.07211755402214677,0,5,NONE
2026-03-24 18:30:00+00:00,/api/normal,0.19797946445203085,0.29085447896645267,0.16666666666666666,0.0,0.1153723965279402,0,5,NONE
2026-03-24 18:30:30+00:00,/api/normal,0.1753533036910217,0.3599731332936121,0.13333333333333333,0.0,0.17458099689872136,0,4,NONE
2026-03-24 18:31:00+00:00,/api/normal,0.13898144617255465,0.25464277235215427,0.16666666666666666,0.0,0.10034700451709289,0,5,NONE
2026-03-24 18:31:30+00:00,/api/normal,0.24313887462418368,0.29591522806727383,0.13333333333333333,0.0,0.06821709597197576,0,4,NONE
2026-03-24 18:32:00+00:00,/api/normal,0.13252697949766798,0.2603296821883545,0.16666666666666666,0.0,0.07398592024122372,0,5,NONE
2026-03-24 18:32:30+00:00,/api/normal,0.23768591822498997,0.42511119843721,0.13333333333333333,0.0,0.16724894992947442,0,4,NONE
2026-03-24 18:33:00+00:00,/api/normal,0.19775486695771813,0.29279732227282296,0.1,0.0,0.08239844339592331,0,3,NONE
2026-03-24 18:33:30+00:00,/api/normal,0.1925753643741243,0.24085155584405538,0.13333333333333333,0.0,0.033490314705167695,0,4,NONE
2026-03-24 18:34:00+00:00,/api/normal,0.15268089618852163,0.2583795509190143,0.16666666666666666,0.0,0.10247463588946268,0,5,NONE
2026-03-24 18:34:30+00:00,/api/normal,0.21495249785663262,0.3509085739214351,0.16666666666666666,0.0,0.07783148817379748,0,5,NONE
2026-03-24 18:35:00+00:00,/api/normal,0.10343203815921584,0.16145638866415643,0.13333333333333333,0.0,0.04390557165077847,0,4,NONE
2026-03-24 18:35:30+00:00,/api/normal,0.13263379906221087,0.22690576880509428,0.1,0.0,0.11205586091394662,0,3,NONE
2026-03-24 18:36:00+00:00,/api/normal,0.18699360805189189,0.27509694365405246,0.13333333333333333,0.0,0.09957812987634866,0,4,NONE
2026-03-24 18:36:30+00:00,/api/normal,0.15490971651167545,0.21328122095941532,0.16666666666666666,0.0,0.04688088851609623,0,5,NONE
2026-03-24 18:37:00+00:00,/api/normal,0.208966398046566,0.34518856443530865,0.13333333333333333,0.0,0.1335783068677678,0,4,NONE
2026-03-24 18:37:30+00:00,/api/normal,0.23622130201477562,0.3623365287685021,0.13333333333333333,0.0,0.1088797904547806,0,4,NONE
2026-03-24 18:38:00+00:00,/api/normal,0.22870981178556138,0.2588145403280143,0.13333333333333333,0.0,0.04671153954993947,0,4,NONE
2026-03-24 18:38:30+00:00,/api/normal,0.2741284568399779,0.3190899421883545,0.16666666666666666,0.0,0.02715065694510013,0,5,NONE
2026-03-24 18:39:00+00:00,/api/normal,0.2358080784671735,0.34572306233214983,0.16666666666666666,0.0,0.12194619779318304,0,5,NONE
2026-03-24 18:39:30+00:00,/api/normal,0.16245427146782399,0.19466993962802653,0.13333333333333333,0.0,0.02818379540283621,0,4,NONE
2026-03-24 18:40:00+00:00,/api/normal,0.20199381685914108,0.4261550024736031,0.16666666666666666,0.0,0.1287482113102886,0,5,NONE
2026-03-24 18:40:30+00:00,/api/normal,0.20897841371576842,0.29562835145429595,0.13333333333333333,0.0,0.05975133407140453,0,4,NONE
2026-03-24 18:41:00+00:00,/api/normal,0.16709256201062347,0.2232331478586032,0.2,0.0,0.07706616704536122,0,6,NONE
2026-03-24 18:41:30+00:00,/api/normal,0.22131347510720728,0.4269848165355208,0.16666666666666666,0.0,0.13873566307074608,0,5,NONE
2026-03-24 18:42:00+00:00,/api/normal,0.15874810813536655,0.3472277287864744,0.16666666666666666,0.0,0.1410575614242677,0,5,NONE
2026-03-24 18:42:30+00:00,/api/normal,0.11727084053125034,0.19539668209947678,0.16666666666666666,0.0,0.07188634272751575,0,5,NONE
2026-03-24 18:43:00+00:00,/api/normal,0.15583118044612712,0.2525120727739705,0.16666666666666666,0.0,0.08664476580453576,0,5,NONE
2026-03-24 18:43:30+00:00,/api/normal,0.16331829334118161,0.242420507101496,0.2,0.0,0.07305685841568517,0,6,NONE
2026-03-24 18:44:00+00:00,/api/normal,0.19637226137737437,0.26028649453178826,0.16666666666666666,0.0,0.07587712940359206,0,5,NONE
2026-03-24 18:44:30+00:00,/api/normal,0.25938299592363584,0.34332095433306564,0.16666666666666666,0.0,0.05717442818179712,0,5,NONE
2026-03-24 18:45:00+00:00,/api/normal,0.19162051828101972,0.4465871355945365,0.13333333333333333,0.0,0.17037290888528542,0,4,NONE
2026-03-24 18:45:30+00:00,/api/normal,0.262914708977025,0.33697472409899576,0.13333333333333333,0.0,0.06529387832186048,0,4,NONE
2026-03-24 18:46:00+00:00,/api/normal,0.17899181046459478,0.3153997811348419,0.1,0.0,0.14216506512080096,0,3,NONE
2026-03-24 18:46:30+00:00,/api/normal,0.1893951680592941,0.2687796732396901,0.1,0.0,0.12412178754807704,0,3,NONE
2026-03-24 18:47:00+00:00,/api/normal,0.17119034144538162,0.2442462276090867,0.13333333333333333,0.0,0.09787979161946321,0,4,NONE
2026-03-24 18:47:30+00:00,/api/normal,0.13026148045159971,0.17211602383846603,0.1,0.0,0.03758490618992179,0,3,NONE
2026-03-24 18:48:00+00:00,/api/normal,0.21245188002412693,0.26162356009588883,0.16666666666666666,0.0,0.04850093866356594,0,5,NONE
2026-03-24 18:48:30+00:00,/api/normal,0.1760694403543123,0.20967070042985528,0.1,0.0,0.03154233349875867,0,3,NONE
2026-03-24 18:49:00+00:00,/api/normal,0.18981084368790815,0.3073125868793903,0.16666666666666666,0.0,0.08369124307057797,0,5,NONE
2026-03-24 18:49:30+00:00,/api/normal,0.26196179040935885,0.3244262006034545,0.13333333333333333,0.0,0.04312128726616893,0,4,NONE
2026-03-24 18:50:00+00:00,/api/normal,0.21634744985760293,0.3786370065320193,0.1,0.0,0.14213740303861877,0,3,NONE
2026-03-24 18:50:30+00:00,/api/normal,0.18234689682409172,0.27987862769177496,0.16666666666666666,0.0,0.09841333590334586,0,5,NONE
2026-03-24 18:51:00+00:00,/api/normal,0.22780828930560082,0.31781244687906396,0.16666666666666666,0.0,0.06904693441605013,0,5,NONE
2026-03-24 18:51:30+00:00,/api/normal,0.19174219024063235,0.2250378094776442,0.13333333333333333,0.0,0.03436675588604166,0,4,NONE
2026-03-24 18:52:00+00:00,/api/normal,0.18042779301961367,0.25498771429071343,0.1,0.0,0.06668174403750389,0,3,NONE
2026-03-24 18:52:30+00:00,/api/normal,0.17788673074221514,0.22516043927012735,0.16666666666666666,0.0,0.06517382710001743,0,5,NONE
2026-03-24 18:53:00+00:00,/api/normal,0.14859741591238365,0.19798949211977898,0.13333333333333333,0.0,0.06284079386936087,0,4,NONE
2026-03-24 18:53:30+00:00,/api/normal,0.12463561925744375,0.14521137919091637,0.1,0.0,0.02626442624878707,0,3,NONE
2026-03-24 18:54:00+00:00,/api/normal,0.28531444903308845,0.45917346135015796,0.1,0.0,0.17004338968628518,0,3,NONE
2026-03-24 18:54:30+00:00,/api/normal,0.14439327690914924,0.2462194556940195,0.2,0.0,0.10107607670325053,0,6,NONE
2026-03-24 18:55:00+00:00,/api/normal,0.16976638481179418,0.2799755645071234,0.06666666666666667,0.0,0.1558593166231481,0,2,NONE
2026-03-24 18:55:30+00:00,/api/normal,0.14616450386864493,0.2462764279647366,0.13333333333333333,0.0,0.10635204820560346,0,4,NONE
2026-03-24 18:56:00+00:00,/api/normal,0.1714891261790085,0.30707752922197606,0.1,0.0,0.1505736601977,0,3,NONE
2026-03-24 18:56:30+00:00,/api/normal,0.22667508441982695,0.36026332777351305,0.13333333333333333,0.0,0.14963571122155586,0,4,NONE
2026-03-24 18:57:00+00:00,/api/normal,0.1813094593046635,0.3184034951995831,0.1,0.0,0.12544518770489016,0,3,NONE
2026-03-24 18:57:30+00:00,/api/normal,0.16779038328240714,0.28238124192379965,0.16666666666666666,0.0,0.0979531908211489,0,5,NONE
2026-03-24 18:58:00+00:00,/api/normal,0.1879635981537435,0.33776407420936183,0.16666666666666666,0.0,0.0891780513136103,0,5,NONE
2026-03-24 18:58:30+00:00,/api/normal,0.17832555283626023,0.32393988077786695,0.16666666666666666,0.0,0.08553745211616698,0,5,NONE
2026-03-24 18:59:00+00:00,/api/normal,0.13739366402469827,0.22307350010991983,0.13333333333333333,0.0,0.09688230604294944,0,4,NONE
2026-03-24 18:59:30+00:00,/api/normal,0.2196003513789476,0.3769248638924442,0.16666666666666666,0.0,0.12872255409284367,0,5,NONE
2026-03-24 19:00:00+00:00,/api/normal,0.1720529549819349,0.23325797183789293,0.16666666666666666,0.0,0.054277828659932546,0,5,NONE
2026-03-24 19:00:30+00:00,/api/normal,0.13025461648500264,0.2536852783708277,0.16666666666666666,0.0,0.09393100159870833,0,5,NONE
2026-03-24 19:01:00+00:00,/api/normal,0.20018902745674386,0.33089874006314,0.2,0.0,0.08528640375682897,0,6,NONE
2026-03-24 19:01:30+00:00,/api/normal,0.18852784778617948,0.25157162857162463,0.16666666666666666,0.0,0.06443367753089063,0,5,NONE
2026-03-24 19:02:00+00:00,/api/normal,0.2714803784498746,0.3644025015821546,0.1,0.0,0.14320227957163645,0,3,NONE
2026-03-24 19:02:30+00:00,/api/normal,0.15432492731835573,0.25304208067125517,0.16666666666666666,0.0,0.11478107542471135,0,5,NONE
2026-03-24 19:03:00+00:00,/api/normal,0.2392085745267367,0.35018620852694793,0.2,0.0,0.13040519862782032,0,6,NONE
2026-03-24 19:03:30+00:00,/api/normal,0.17224488987786155,0.3155767247722837,0.1,0.0,0.12606842213728817,0,3,NONE
2026-03-24 19:04:00+00:00,/api/normal,0.22806553250806613,0.35356700195706936,0.16666666666666666,0.0,0.09728617352916133,0,5,NONE
2026-03-24 19:04:30+00:00,/api/normal,0.24166814341080758,0.4245820387382793,0.16666666666666666,0.0,0.11449883007146391,0,5,NONE
2026-03-24 19:05:00+00:00,/api/normal,0.2738904663533279,0.3957401554839535,0.16666666666666666,0.0,0.09568593959962655,0,5,NONE
2026-03-24 19:05:30+00:00,/api/normal,0.1263280333894233,0.1900180059239448,0.2,0.0,0.045333925243367525,0,6,NONE
2026-03-24 19:06:00+00:00,/api/normal,0.26426533283212456,0.3558075551270176,0.1,0.0,0.08530778776118216,0,3,NONE
2026-03-24 19:06:30+00:00,/api/normal,0.1352423724343618,0.27551700090285225,0.16666666666666666,0.0,0.08477472511389114,0,5,NONE
2026-03-24 19:07:00+00:00,/api/normal,0.16140800139118763,0.22531632119626077,0.1,0.0,0.05571582703325239,0,3,NONE
2026-03-24 19:07:30+00:00,/api/normal,0.2531713519892478,0.258911326040957,0.06666666666666667,0.0,0.008117549151596846,0,2,NONE
2026-03-24 19:08:00+00:00,/api/normal,0.21377426702694904,0.3580777418835107,0.16666666666666666,0.0,0.11756010704900392,0,5,NONE
2026-03-24 19:08:30+00:00,/api/normal,0.1507794233144501,0.2857596399927183,0.13333333333333333,0.0,0.10252920801727751,0,4,NONE
2026-03-24 19:09:00+00:00,/api/normal,0.20932681434079212,0.2931232138478813,0.16666666666666666,0.0,0.06783147361121149,0,5,NONE
2026-03-24 19:09:30+00:00,/api/normal,0.1870918601478737,0.31386465980342815,0.06666666666666667,0.0,0.17928381261289228,0,2,NONE
2026-03-24 19:10:00+00:00,/api/normal,0.19779254196304316,0.24666054558883732,0.1,0.0,0.061759660942125295,0,3,NONE
2026-03-24 19:10:30+00:00,/api/normal,0.26711622031532495,0.33895706553156163,0.16666666666666666,0.0,0.04558322873138224,0,5,NONE
2026-03-24 19:11:00+00:00,/api/normal,0.23564304604083117,0.3899895392248611,0.2,0.0,0.11198340274795049,0,6,NONE
2026-03-24 19:11:30+00:00,/api/normal,0.26279452574201506,0.44263486794149964,0.16666666666666666,0.0,0.12534224532073773,0,5,NONE
2026-03-24 19:12:00+00:00,/api/normal,0.1756216879190987,0.29292532207693894,0.06666666666666667,0.0,0.16589239034166947,0,2,NONE
2026-03-24 19:12:30+00:00,/api/normal,0.266399891343603,0.3309577803438757,0.1,0.0,0.08173236982410753,0,3,NONE
2026-03-24 19:13:00+00:00,/api/normal,0.1287680801263284,0.27303805056040026,0.16666666666666666,0.0,0.09899289186223224,0,5,NONE
2026-03-24 19:13:30+00:00,/api/normal,0.24353039673124402,0.48923090223025656,0.16666666666666666,0.0,0.16107572536368428,0,5,NONE
2026-03-24 19:14:00+00:00,/api/normal,0.14850746228893877,0.2317003576854625,0.16666666666666666,0.0,0.09053969961752992,0,5,NONE
2026-03-24 19:14:30+00:00,/api/normal,0.3021155496486027,0.3715309776827509,0.06666666666666667,0.0,0.09816823976382591,0,2,NONE
2026-03-24 19:15:00+00:00,/api/normal,0.2534522747335546,0.34575924029397603,0.16666666666666666,0.0,0.06117952927643023,0,5,NONE
2026-03-24 19:15:30+00:00,/api/normal,0.20303196223566164,0.3961219204947627,0.16666666666666666,0.0,0.11533890681986898,0,5,NONE
2026-03-24 19:16:00+00:00,/api/normal,0.1597141583429392,0.20517982844518481,0.1,0.0,0.04903281982598905,0,3,NONE
2026-03-24 19:16:30+00:00,/api/normal,0.17934990079675686,0.19642641483614878,0.1,0.0,0.025062985349141954,0,3,NONE
2026-03-24 19:17:00+00:00,/api/normal,0.2093159084558,0.3760804818458868,0.13333333333333333,0.0,0.12122736201451874,0,4,NONE
2026-03-24 19:17:30+00:00,/api/normal,0.16832327104020856,0.2596229415971626,0.16666666666666666,0.0,0.053135827049931535,0,5,NONE
2026-03-24 19:18:00+00:00,/api/normal,0.17087737171667056,0.28998550347289864,0.13333333333333333,0.0,0.09821114370141816,0,4,NONE
2026-03-24 19:18:30+00:00,/api/normal,0.14514141886206927,0.2872350760181766,0.13333333333333333,0.0,0.10142364388011262,0,4,NONE
2026-03-24 19:19:00+00:00,/api/normal,0.2427788425163727,0.3401808566342844,0.16666666666666666,0.0,0.06905445293190864,0,5,NONE
2026-03-24 19:19:30+00:00,/api/normal,0.1922537594090222,0.2580689560606745,0.16666666666666666,0.0,0.06889005358148503,0,5,NONE
2026-03-24 19:20:00+00:00,/api/normal,0.16321178458630028,0.2233409169471701,0.16666666666666666,0.0,0.05218730490489162,0,5,NONE
2026-03-24 19:20:30+00:00,/api/normal,0.14717986210329004,0.2157932312318118,0.13333333333333333,0.0,0.058739933486714045,0,4,NONE
2026-03-24 19:21:00+00:00,/api/normal,0.24855234812919771,0.3769181607244382,0.16666666666666666,0.0,0.11456574307687656,0,5,NONE
2026-03-24 19:21:30+00:00,/api/normal,0.2183562315810878,0.3587290575296699,0.13333333333333333,0.0,0.09455205644035611,0,4,NONE
2026-03-24 19:22:00+00:00,/api/normal,0.16255070764688148,0.19215548059647164,0.1,0.0,0.02564260792041047,0,3,NONE
2026-03-24 19:22:30+00:00,/api/normal,0.1921669363529311,0.26525568006034583,0.13333333333333333,0.0,0.062234131272197006,0,4,NONE
2026-03-24 19:23:00+00:00,/api/normal,0.1607320835113361,0.2741376581947704,0.16666666666666666,0.0,0.06529095431170603,0,5,NONE
2026-03-24 19:23:30+00:00,/api/normal,0.14665096606486375,0.23231401644274688,0.13333333333333333,0.0,0.08473285278396525,0,4,NONE
2026-03-24 19:24:00+00:00,/api/normal,0.24346668044203926,0.44875115498884,0.16666666666666666,0.0,0.15571025762833213,0,5,NONE
2026-03-24 19:24:30+00:00,/api/normal,0.20038398294384038,0.3681387810851792,0.2,0.0,0.1193169747472346,0,6,NONE
2026-03-24 19:25:00+00:00,/api/normal,0.17757462809292923,0.2996142588637405,0.16666666666666666,0.0,0.08476383050497337,0,5,NONE
2026-03-24 19:25:30+00:00,/api/normal,0.2170581927437282,0.32344771393926,0.16666666666666666,0.0,0.077178048254068,0,5,NONE
2026-03-24 19:26:00+00:00,/api/normal,0.1821675859044965,0.29267316048535214,0.16666666666666666,0.0,0.08692725186733406,0,5,NONE
2026-03-24 19:26:30+00:00,/api/normal,0.2243382599095808,0.3779599628501434,0.16666666666666666,0.0,0.1275397303584093,0,5,NONE
2026-03-24 19:27:00+00:00,/api/normal,0.10958430839063171,0.17618015453800392,0.16666666666666666,0.0,0.05607385006972902,0,5,NONE
2026-03-24 19:27:30+00:00,/api/normal,0.1691309717833639,0.22933479342584412,0.1,0.0,0.09872758236264742,0,3,NONE
2026-03-24 19:28:00+00:00,/api/normal,0.2086443078138734,0.32352657523246847,0.13333333333333333,0.0,0.10944909732736302,0,4,NONE
2026-03-24 19:28:30+00:00,/api/normal,0.3384353557209675,0.36225607323652037,0.06666666666666667,0.0,0.03368758177595314,0,2,NONE
2026-03-24 19:29:00+00:00,/api/normal,0.13474666285401887,0.22603569819756597,0.16666666666666666,0.0,0.07583816594469632,0,5,NONE
2026-03-24 19:29:30+00:00,/api/normal,0.18495670884237456,0.3207844460811277,0.2,0.0,0.12500061719659764,0,6,NONE
2026-03-24 19:30:00+00:00,/api/normal,0.17788543670831247,0.21961283430301543,0.13333333333333333,0.0,0.03262304048459758,0,4,NONE
2026-03-24 19:30:30+00:00,/api/normal,0.18095759985638585,0.35498107713654903,0.13333333333333333,0.0,0.12596356597463537,0,4,NONE
2026-03-24 19:31:00+00:00,/api/normal,0.1403219360553339,0.19611353326253533,0.13333333333333333,0.0,0.06790984375827747,0,4,NONE
2026-03-24 19:31:30+00:00,/api/normal,0.21106046655591984,0.36951951617292467,0.1,0.0,0.1825357010541786,0,3,NONE
2026-03-24 19:32:00+00:00,/api/normal,0.21725085026784105,0.2552057925264919,0.16666666666666666,0.0,0.039234810786202466,0,5,NONE
2026-03-24 19:32:30+00:00,/api/normal,0.13807185630865737,0.24772904591048117,0.16666666666666666,0.0,0.07097047328077999,0,5,NONE
2026-03-24 19:33:00+00:00,/api/normal,0.178010783271828,0.26375714361021624,0.16666666666666666,0.0,0.04894148778193685,0,5,NONE
2026-03-24 19:33:30+00:00,/api/normal,0.250455987978154,0.4749651891001991,0.2,0.0,0.12863746228980696,0,6,NONE
2026-03-24 19:34:00+00:00,/api/normal,0.213141571379417,0.385120392797703,0.2,0.0,0.09352623333195362,0,6,NONE
2026-03-24 19:34:30+00:00,/api/normal,0.20762707820764353,0.3395908742242879,0.13333333333333333,0.0,0.10585869021222492,0,4,NONE
2026-03-24 19:35:00+00:00,/api/normal,0.1982895114953512,0.2593848884489526,0.16666666666666666,0.0,0.04400795173514482,0,5,NONE
2026-03-24 19:35:30+00:00,/api/normal,0.22429599097558728,0.28885263065369415,0.16666666666666666,0.0,0.062232104555609895,0,5,NONE
2026-03-24 19:36:00+00:00,/api/normal,0.21607595464941964,0.2687646238245067,0.13333333333333333,0.0,0.08352446335911348,0,4,NONE
2026-03-24 19:36:30+00:00,/api/normal,0.24263714101283423,0.3248291881961633,0.16666666666666666,0.0,0.06095083709949077,0,5,NONE
2026-03-24 19:37:00+00:00,/api/normal,0.27866478541305967,0.3615598467352039,0.16666666666666666,0.0,0.0737333199086308,0,5,NONE
2026-03-24 19:37:30+00:00,/api/normal,0.24451921918613678,0.3606163841314599,0.13333333333333333,0.0,0.1268636247681657,0,4,NONE
2026-03-24 19:38:00+00:00,/api/normal,0.12189798100780168,0.12189798100780168,0.03333333333333333,0.0,,0,1,NONE
2026-03-24 19:38:30+00:00,/api/normal,0.166530457705324,0.1968860729472279,0.13333333333333333,0.0,0.03082147721643477,0,4,NONE
2026-03-24 19:39:00+00:00,/api/normal,0.19014495520716712,0.2932839631419732,0.2,0.0,0.09449224605236249,0,6,NONE
2026-03-24 19:39:30+00:00,/api/normal,0.1574086588428843,0.30312570123684784,0.16666666666666666,0.0,0.08698972657218658,0,5,NONE
2026-03-24 19:40:00+00:00,/api/normal,0.2331119566725104,0.33347583250985335,0.16666666666666666,0.0,0.06678367609850348,0,5,NONE
2026-03-24 19:40:30+00:00,/api/normal,0.23739492682837496,0.36833554944769725,0.16666666666666666,0.0,0.09266654949717835,0,5,NONE
2026-03-24 19:41:00+00:00,/api/normal,0.24827374890307977,0.45181567409980383,0.1,0.0,0.1816046363175183,0,3,NONE
2026-03-24 19:41:30+00:00,/api/normal,0.31091599108488166,0.429277835710409,0.13333333333333333,0.0,0.11591764181140413,0,4,NONE
2026-03-24 19:42:00+00:00,/api/normal,0.2969222603638805,0.38618818813021183,0.13333333333333333,0.0,0.11349339009190279,0,4,NONE
2026-03-24 19:42:30+00:00,/api/normal,0.22049375469729787,0.3118589453893525,0.16666666666666666,0.0,0.07869611578676813,0,5,NONE
2026-03-24 19:43:00+00:00,/api/normal,0.26639014297289904,0.45257746156886997,0.16666666666666666,0.0,0.14018097915516126,0,5,NONE
2026-03-24 19:43:30+00:00,/api/normal,0.22096416252057882,0.3313352725500647,0.13333333333333333,0.0,0.08487117041515573,0,4,NONE
2026-03-24 19:44:00+00:00,/api/normal,0.14214237649478106,0.2563659311347901,0.16666666666666666,0.0,0.09462533022046223,0,5,NONE
2026-03-24 19:44:30+00:00,/api/normal,0.22399189653965737,0.3663098299036063,0.2,0.0,0.11406756134164,0,6,NONE
2026-03-24 19:45:00+00:00,/api/normal,0.17575867799234218,0.2560966353349111,0.16666666666666666,0.0,0.05079188069782167,0,5,NONE
2026-03-24 19:45:30+00:00,/api/normal,0.21401083021596534,0.2355664241561186,0.13333333333333333,0.0,0.016578858014594727,0,4,NONE
2026-03-24 19:46:00+00:00,/api/normal,0.16973615548503151,0.18447823368462118,0.06666666666666667,0.0,0.02084844692742442,0,2,NONE
2026-03-24 19:46:30+00:00,/api/normal,0.13623209592618152,0.21325465325195192,0.13333333333333333,0.0,0.052974689191474134,0,4,NONE
2026-03-24 19:47:00+00:00,/api/normal,0.28287474816241454,0.44749808462492907,0.1,0.0,0.15729963646078865,0,3,NONE
2026-03-24 19:47:30+00:00,/api/normal,0.16998113053076347,0.18381188532251339,0.06666666666666667,0.0,0.019559641004349374,0,2,NONE
2026-03-24 19:48:00+00:00,/api/normal,0.25770113129104394,0.3748251322847257,0.13333333333333333,0.0,0.08041070492694972,0,4,NONE
2026-03-24 19:48:30+00:00,/api/normal,0.24534246119305392,0.3688902472525044,0.13333333333333333,0.0,0.10720253745832846,0,4,NONE
2026-03-24 19:49:00+00:00,/api/normal,0.23580138217226912,0.3348984576342706,0.13333333333333333,0.0,0.10281455392002763,0,4,NONE
2026-03-24 19:49:30+00:00,/api/normal,0.27727158475911795,0.39326532033731554,0.13333333333333333,0.0,0.14196152573318124,0,4,NONE
2026-03-24 19:50:00+00:00,/api/normal,0.23955258118305492,0.3514176286385433,0.1,0.0,0.09692038251334442,0,3,NONE
2026-03-24 19:50:30+00:00,/api/normal,0.2449207078832595,0.3442580880765729,0.16666666666666666,0.0,0.10698999779116236,0,5,NONE
2026-03-24 19:51:00+00:00,/api/normal,0.1673792237786231,0.358932967639139,0.2,0.0,0.11968331893861402,0,6,NONE
2026-03-24 19:51:30+00:00,/api/normal,0.1744960431104668,0.326244109601586,0.16666666666666666,0.0,0.09341849208956772,0,5,NONE
2026-03-24 19:52:00+00:00,/api/normal,0.22132794401961445,0.2615091077794484,0.1,0.0,0.06691842665336399,0,3,NONE
2026-03-24 19:52:30+00:00,/api/normal,0.29070455626063585,0.43546318964756936,0.1,0.0,0.1844287869935925,0,3,NONE
2026-03-24 19:53:00+00:00,/api/normal,0.14727581918492735,0.28701081675029644,0.2,0.0,0.10130504317708637,0,6,NONE
2026-03-24 19:53:30+00:00,/api/normal,0.21923827274317254,0.37605586544326836,0.16666666666666666,0.0,0.161075226337432,0,5,NONE
2026-03-24 19:54:00+00:00,/api/normal,0.1577314207677903,0.32377285570840075,0.16666666666666666,0.0,0.12835925210858895,0,5,NONE
2026-03-24 19:54:30+00:00,/api/normal,0.22766288359457956,0.273917887393359,0.06666666666666667,0.0,0.0654144536998529,0,2,NONE
2026-03-24 19:55:00+00:00,/api/normal,0.4005292502106641,0.4005292502106641,0.03333333333333333,0.0,,0,1,NONE
2026-03-24 19:55:30+00:00,/api/normal,0.2851543756716537,0.3534456207991128,0.1,0.0,0.0773632962945537,0,3,NONE
2026-03-24 19:56:00+00:00,/api/normal,0.1948315988106393,0.28131916008179525,0.06666666666666667,0.0,0.12231188212624279,0,2,NONE
2026-03-24 19:56:30+00:00,/api/normal,0.18994079891973076,0.3232413759627248,0.06666666666666667,0.0,0.18851548392636178,0,2,NONE
2026-03-24 19:57:00+00:00,/api/normal,0.17227205762197073,0.2608078630984224,0.2,0.0,0.08736580722702417,0,6,NONE
2026-03-24 19:57:30+00:00,/api/normal,0.2209118578776271,0.2775955525517143,0.16666666666666666,0.0,0.07504324465332515,0,5,NONE
2026-03-24 19:58:00+00:00,/api/normal,0.23536488998320793,0.39826467559520945,0.06666666666666667,0.0,0.23037508612016214,0,2,NONE
2026-03-24 19:58:30+00:00,/api/normal,0.19293128463074932,0.19293128463074932,0.03333333333333333,0.0,,0,1,NONE
2026-03-24 19:59:00+00:00,/api/normal,0.1740199043660308,0.20837296975528793,0.1,0.0,0.029809495747048307,0,3,NONE
2026-03-24 19:59:30+00:00,/api/normal,0.20871757780359915,0.20871757780359915,0.03333333333333333,0.0,,0,1,NONE
2026-03-24 20:00:00+00:00,/api/normal,0.24139850898316778,0.27132333846309037,0.06666666666666667,0.0,0.04232009970220873,0,2,NONE
2026-03-24 20:00:30+00:00,/api/normal,0.17503911222637084,0.25126399267193467,0.13333333333333333,0.0,0.08873158857351383,0,4,NONE
2026-03-24 20:01:00+00:00,/api/normal,0.17343497085478263,0.21077123849173598,0.06666666666666667,0.0,0.05280145606057111,0,2,NONE
2026-03-24 20:01:30+00:00,/api/normal,0.21925423826144383,0.37373694633705434,0.16666666666666666,0.0,0.15324023497914072,0,5,NONE
2026-03-24 20:02:00+00:00,/api/normal,0.27327108865142785,0.3399266649431345,0.06666666666666667,0.0,0.09426521999952608,0,2,NONE
2026-03-24 20:02:30+00:00,/api/normal,0.20765709012200242,0.31820166262219496,0.13333333333333333,0.0,0.07875573059302629,0,4,NONE
2026-03-24 20:03:00+00:00,/api/normal,0.19139511070757412,0.37597367016219135,0.13333333333333333,0.0,0.12388543090748268,0,4,NONE
2026-03-24 20:03:30+00:00,/api/normal,0.23161636831158441,0.2882558541253089,0.06666666666666667,0.0,0.0801003290036077,0,2,NONE
2026-03-24 20:04:00+00:00,/api/normal,0.2656602987619671,0.30397789045706414,0.06666666666666667,0.0,0.05418925785268089,0,2,NONE
2026-03-24 20:04:30+00:00,/api/normal,0.24469123259166822,0.2824023076442418,0.1,0.0,0.05329192641936867,0,3,NONE
2026-03-24 20:05:00+00:00,/api/normal,0.27949508762639863,0.31637804829414196,0.13333333333333333,0.0,0.04345938121865156,0,4,NONE
2026-03-24 20:05:30+00:00,/api/normal,0.0630129824581249,0.0630129824581249,0.03333333333333333,0.0,,0,1,NONE
2026-03-24 20:06:00+00:00,/api/normal,0.2315844589706169,0.26778604664619154,0.06666666666666667,0.0,0.05119677627023633,0,2,NONE
2026-03-24 20:06:30+00:00,/api/normal,0.24101428756118728,0.33271740052590737,0.1,0.0,0.09191871083710094,0,3,NONE
2026-03-24 20:07:00+00:00,/api/normal,0.14552601860253,0.30693484849873515,0.16666666666666666,0.0,0.09347960002181614,0,5,NONE
2026-03-24 20:07:30+00:00,/api/normal,0.16247584887653505,0.2985528364904981,0.1,0.0,0.13272560767280542,0,3,NONE
2026-03-24 20:08:00+00:00,/api/normal,0.26079620834670364,0.44487385656945017,0.1,0.0,0.16163126904775527,0,3,NONE
2026-03-24 20:08:30+00:00,/api/normal,0.19825381236768677,0.4385741913222228,0.16666666666666666,0.0,0.14680937660646262,0,5,NONE
2026-03-24 20:09:00+00:00,/api/normal,0.22400147787193245,0.3157498455941025,0.1,0.0,0.13166343109904674,0,3,NONE
2026-03-24 20:09:30+00:00,/api/normal,0.2617382940728666,0.2898194904748488,0.1,0.0,0.04668775325455528,0,3,NONE
2026-03-24 20:10:00+00:00,/api/normal,0.0867862515229783,0.11702499218001888,0.1,0.0,0.0307198820967764,0,3,NONE
2026-03-24 20:10:30+00:00,/api/normal,0.16999232745050744,0.20876735770110127,0.13333333333333333,0.0,0.028589490050903055,0,4,NONE
2026-03-24 20:11:00+00:00,/api/normal,0.18912865066138165,0.3129452114936119,0.2,0.0,0.07545990568618852,0,6,NONE
2026-03-24 20:11:30+00:00,/api/normal,0.15221387401242975,0.2645657365481636,0.13333333333333333,0.0,0.09670517223052666,0,4,NONE
2026-03-24 20:12:00+00:00,/api/normal,0.18300435775949872,0.25400914606126956,0.1,0.0,0.10734183084383003,0,3,NONE
2026-03-24 20:12:30+00:00,/api/normal,0.16625765430899547,0.34071119480944223,0.13333333333333333,0.0,0.12833183848582505,0,4,NONE
2026-03-24 20:13:00+00:00,/api/normal,0.2520391423266066,0.2520391423266066,0.03333333333333333,0.0,,0,1,NONE
2026-03-24 20:13:30+00:00,/api/normal,0.16628269245034258,0.34615238021889866,0.1,0.0,0.17117427505120225,0,3,NONE
2026-03-24 20:14:00+00:00,/api/normal,0.24140542320452282,0.3262185649760535,0.1,0.0,0.07911353478468877,0,3,NONE
2026-03-24 20:14:30+00:00,/api/normal,0.12018535638331765,0.2144631002355624,0.13333333333333333,0.0,0.08207665561385513,0,4,NONE
2026-03-24 20:15:00+00:00,/api/normal,0.22063384005072043,0.2909684975306262,0.06666666666666667,0.0,0.09946822651294901,0,2,NONE
2026-03-24 20:15:30+00:00,/api/normal,0.08818072352526612,0.16333001296534438,0.1,0.0,0.066606024527675,0,3,NONE
2026-03-24 20:16:00+00:00,/api/normal,0.18453556024159867,0.2220865940563932,0.1,0.0,0.03535357067633973,0,3,NONE
2026-03-24 20:16:30+00:00,/api/normal,0.29967098998003616,0.40260065685422514,0.06666666666666667,0.0,0.1455645308640228,0,2,NONE
2026-03-24 20:17:00+00:00,/api/normal,0.20505138032251746,0.4650671826963591,0.13333333333333333,0.0,0.19225789616086386,0,4,NONE
2026-03-24 20:17:30+00:00,/api/normal,0.2596803053532441,0.4230368527825137,0.1,0.0,0.16990431833581782,0,3,NONE
2026-03-24 20:18:00+00:00,/api/normal,0.20003735914396514,0.20003735914396514,0.03333333333333333,0.0,,0,1,NONE
2026-03-24 20:18:30+00:00,/api/normal,0.22647210633789355,0.40747428459348317,0.13333333333333333,0.0,0.12101411713172865,0,4,NONE
2026-03-24 20:19:00+00:00,/api/normal,0.34198132889913024,0.34198132889913024,0.03333333333333333,0.0,,0,1,NONE
2026-03-24 20:19:30+00:00,/api/normal,0.22970811561026153,0.3895451383061285,0.1,0.0,0.1825619779736001,0,3,NONE
2026-03-24 20:20:00+00:00,/api/normal,0.25881052522143594,0.37555428795875945,0.1,0.0,0.1092971070077379,0,3,NONE
2026-03-24 20:20:30+00:00,/api/normal,0.11681663050434475,0.1845863979505273,0.1,0.0,0.0910079718466397,0,3,NONE
2026-03-24 20:21:00+00:00,/api/normal,0.16102584256060115,0.24756412454646975,0.06666666666666667,0.0,0.1223836120488827,0,2,NONE
2026-03-24 20:21:30+00:00,/api/normal,0.17702945239177517,0.17702945239177517,0.03333333333333333,0.0,,0,1,NONE
2026-03-24 20:22:00+00:00,/api/normal,0.22420112688207097,0.22420112688207097,0.03333333333333333,0.0,,0,1,NONE
2026-03-24 20:22:30+00:00,/api/normal,0.1740511119757267,0.18241862484228166,0.06666666666666667,0.0,0.011833450179213398,0,2,NONE
2026-03-24 20:23:00+00:00,/api/normal,0.15685742816012,0.28433567184760034,0.16666666666666666,0.0,0.07295962469588964,0,5,NONE
2026-03-24 20:23:30+00:00,/api/normal,0.13417398762552718,0.13417398762552718,0.03333333333333333,0.0,,0,1,NONE
2026-03-24 20:24:00+00:00,/api/normal,0.24591747156061866,0.4477797185971334,0.13333333333333333,0.0,0.14118692367604668,0,4,NONE
2026-03-24 20:24:30+00:00,/api/normal,0.18624456742021528,0.2790685929885026,0.13333333333333333,0.0,0.07938239849119964,0,4,NONE
2026-03-24 20:25:00+00:00,/api/normal,0.2839571736341051,0.3069888697941336,0.1,0.0,0.02624420945637994,0,3,NONE
2026-03-24 20:25:30+00:00,/api/normal,0.22520095885242086,0.26353550117067026,0.13333333333333333,0.0,0.03683154064999035,0,4,NONE
2026-03-24 20:26:00+00:00,/api/normal,0.20738133445817286,0.30663651089140304,0.13333333333333333,0.0,0.0840122717865267,0,4,NONE
2026-03-24 20:26:30+00:00,/api/normal,0.30055778232437014,0.3246433582054373,0.1,0.0,0.03854629557555088,0,3,NONE
2026-03-24 20:27:00+00:00,/api/normal,0.25034582505799424,0.320641751600905,0.1,0.0,0.08794595307661,0,3,NONE
2026-03-24 20:27:30+00:00,/api/normal,0.22068704991363988,0.32886665987920594,0.06666666666666667,0.0,0.15298907158553515,0,2,NONE
2026-03-24 20:28:00+00:00,/api/normal,0.15247992152760717,0.185590749480162,0.13333333333333333,0.0,0.025731603467954216,0,4,NONE
2026-03-24 20:28:30+00:00,/api/normal,0.26719809686073026,0.3269105390233682,0.16666666666666666,0.0,0.0629851491780198,0,5,NONE
2026-03-24 20:29:00+00:00,/api/normal,0.21317071668567347,0.3474823342148493,0.13333333333333333,0.0,0.0987357978592654,0,4,NONE
2026-03-24 20:29:30+00:00,/api/normal,0.013069231611173321,0.013069231611173321,0.03333333333333333,0.0,,0,1,NONE
2026-03-24 20:30:00+00:00,/api/normal,0.14796963676906977,0.17058583552181966,0.13333333333333333,0.0,0.023527398183702454,0,4,NONE
2026-03-24 20:30:30+00:00,/api/normal,0.23347866469743492,0.4111374688572474,0.1,0.0,0.1540327496736631,0,3,NONE
2026-03-24 20:31:00+00:00,/api/normal,0.3494674390404893,0.4166818067735799,0.1,0.0,0.058323569258742027,0,3,NONE
2026-03-24 20:31:30+00:00,/api/normal,0.14431995091573993,0.26732574407078913,0.06666666666666667,0.0,0.1739564609303302,0,2,NONE
2026-03-24 20:32:00+00:00,/api/normal,0.2377455466186646,0.3533403945752828,0.06666666666666667,0.0,0.16347580172070536,0,2,NONE
2026-03-24 20:32:30+00:00,/api/normal,0.13881243063055956,0.161632292873972,0.1,0.0,0.03924833940630001,0,3,NONE
2026-03-24 20:33:00+00:00,/api/normal,0.22567144262089783,0.30072847065846414,0.06666666666666667,0.0,0.10614666700214391,0,2,NONE
2026-03-24 20:33:30+00:00,/api/normal,0.25434461360571986,0.2674605977965616,0.06666666666666667,0.0,0.018548802726559517,0,2,NONE
2026-03-24 20:34:00+00:00,/api/normal,0.12324185452622638,0.21680681250178713,0.1,0.0,0.08119626344074973,0,3,NONE
2026-03-24 20:34:30+00:00,/api/normal,0.1893019621926193,0.21043342153723543,0.06666666666666667,0.0,0.0298843963978918,0,2,NONE
2026-03-24 20:35:00+00:00,/api/normal,0.29399342207288376,0.3007619106275907,0.06666666666666667,0.0,0.009572088310833657,0,2,NONE
2026-03-24 20:35:30+00:00,/api/normal,0.23514686234768126,0.34584765447912696,0.13333333333333333,0.0,0.11704667679306156,0,4,NONE
2026-03-24 20:36:00+00:00,/api/normal,0.20097075180298093,0.30729615500948426,0.13333333333333333,0.0,0.11451027033036872,0,4,NONE
2026-03-24 20:36:30+00:00,/api/normal,0.15292415953246366,0.18838193074654247,0.1,0.0,0.03205255789294125,0,3,NONE
2026-03-24 20:37:00+00:00,/api/normal,0.17731211069915226,0.17731211069915226,0.03333333333333333,0.0,,0,1,NONE
2026-03-24 20:37:30+00:00,/api/normal,0.22452283293640335,0.3004040070692467,0.13333333333333333,0.0,0.07902819758396763,0,4,NONE
2026-03-24 20:38:00+00:00,/api/normal,0.21378365369926922,0.2790366122717737,0.16666666666666666,0.0,0.04292192516528699,0,5,NONE
2026-03-24 20:38:30+00:00,/api/normal,0.12824402521902808,0.1406512165547579,0.1,0.0,0.0107883423202932,0,3,NONE
2026-03-24 20:39:00+00:00,/api/normal,0.22034477871362568,0.4317379806496823,0.1,0.0,0.20975319488999,0,3,NONE
2026-03-24 20:39:30+00:00,/api/normal,0.24385296399723297,0.3382445045568042,0.06666666666666667,0.0,0.13348979683263573,0,2,NONE
2026-03-24 20:40:00+00:00,/api/normal,0.27428484638677897,0.29175766446062845,0.06666666666666667,0.0,0.024710296292915736,0,2,NONE
2026-03-24 20:40:30+00:00,/api/normal,0.25992816273727565,0.3410938293610771,0.1,0.0,0.07371847663103342,0,3,NONE
2026-03-24 20:41:00+00:00,/api/normal,0.12123687801883634,0.22355229807956017,0.13333333333333333,0.0,0.09233613100985855,0,4,NONE
2026-03-24 20:41:30+00:00,/api/normal,0.2520204555398,0.3732431243660904,0.1,0.0,0.11708632966802132,0,3,NONE
2026-03-24 20:42:00+00:00,/api/normal,0.2505522543094879,0.31071170710619045,0.06666666666666667,0.0,0.08507831405004078,0,2,NONE
2026-03-24 20:42:30+00:00,/api/normal,0.200240711716036,0.23472956922396093,0.1,0.0,0.030068238537806866,0,3,NONE
2026-03-24 20:43:00+00:00,/api/normal,0.1732074426337801,0.24533014629141953,0.1,0.0,0.09780896585350088,0,3,NONE
2026-03-24 20:43:30+00:00,/api/normal,0.15317108452482456,0.27720142467607145,0.1,0.0,0.11596869219274228,0,3,NONE
2026-03-24 20:44:00+00:00,/api/normal,0.1883136883455484,0.27531311299882827,0.13333333333333333,0.0,0.07020279599479445,0,4,NONE
2026-03-24 20:44:30+00:00,/api/normal,0.2252391358918025,0.2682596169410354,0.06666666666666667,0.0,0.060840147759639876,0,2,NONE
2026-03-24 20:45:00+00:00,/api/normal,0.17662118722530581,0.2755767564218626,0.13333333333333333,0.0,0.11853228840570622,0,4,NONE
2026-03-24 20:46:00+00:00,/api/normal,0.1584108244128507,0.19020342255162984,0.13333333333333333,0.0,0.04518515612768322,0,4,NONE
2026-03-24 20:46:30+00:00,/api/normal,0.16269200383945834,0.19434401546953456,0.1,0.0,0.027699269255164218,0,3,NONE
2026-03-24 20:47:00+00:00,/api/normal,0.12046363954601176,0.16059746843911532,0.1,0.0,0.06513509248306892,0,3,NONE
2026-03-24 20:47:30+00:00,/api/normal,0.149152426024955,0.20453125287148313,0.06666666666666667,0.0,0.07831748799467136,0,2,NONE
2026-03-24 20:48:00+00:00,/api/normal,0.22409248583335142,0.3738605059787452,0.1,0.0,0.15586074622804297,0,3,NONE
2026-03-24 20:48:30+00:00,/api/normal,0.21652270923477734,0.2831357781242927,0.06666666666666667,0.0,0.09420510545484591,0,2,NONE
2026-03-24 20:49:00+00:00,/api/normal,0.27895711877727325,0.3595920277793053,0.13333333333333333,0.0,0.12561888056892387,0,4,NONE
2026-03-24 20:49:30+00:00,/api/normal,0.1874449416692016,0.24749036298682034,0.06666666666666667,0.0,0.084917049185783,0,2,NONE
2026-03-24 20:50:00+00:00,/api/normal,0.21138493784548168,0.3973322688575127,0.16666666666666666,0.0,0.12347534231260822,0,5,NONE
2026-03-24 20:50:30+00:00,/api/normal,0.2090253882206017,0.29726075138860575,0.1,0.0,0.09836796505182283,0,3,NONE
2026-03-24 20:51:00+00:00,/api/normal,0.05745275421493552,0.11298013625327194,0.06666666666666667,0.0,0.07852757676168755,0,2,NONE
2026-03-24 20:51:30+00:00,/api/normal,0.22944621266759402,0.28712952751881854,0.1,0.0,0.06402732298233658,0,3,NONE
2026-03-24 20:52:00+00:00,/api/normal,0.3094820577065217,0.3563276046115913,0.13333333333333333,0.0,0.045831529774878234,0,4,NONE
2026-03-24 20:52:30+00:00,/api/normal,0.2217721529783645,0.2217721529783645,0.03333333333333333,0.0,,0,1,NONE
2026-03-24 20:53:00+00:00,/api/normal,0.08854395662528038,0.12222706719535431,0.06666666666666667,0.0,0.047635111791111115,0,2,NONE
2026-03-24 20:53:30+00:00,/api/normal,0.20764475854493614,0.2102352754054942,0.06666666666666667,0.0,0.0036635440777573456,0,2,NONE
2026-03-24 20:54:00+00:00,/api/normal,0.16257784218781396,0.24948299494718765,0.16666666666666666,0.0,0.07397332526820995,0,5,NONE
2026-03-24 20:54:30+00:00,/api/normal,0.18596087190886632,0.18596087190886632,0.03333333333333333,0.0,,0,1,NONE
2026-03-24 20:55:00+00:00,/api/normal,0.26298889484481514,0.378524545170523,0.06666666666666667,0.0,0.16339208362821153,0,2,NONE
2026-03-24 20:55:30+00:00,/api/normal,0.1738764559591923,0.21936481036886252,0.13333333333333333,0.0,0.03339387054082859,0,4,NONE
2026-03-24 20:56:00+00:00,/api/normal,0.2581940159076944,0.2581940159076944,0.03333333333333333,0.0,,0,1,NONE
2026-03-24 20:56:30+00:00,/api/normal,0.21049265726714306,0.2630767697045926,0.1,0.0,0.07030544582558143,0,3,NONE
2026-03-24 20:57:00+00:00,/api/normal,0.1507619164757848,0.21485082856532195,0.06666666666666667,0.0,0.09063540867476047,0,2,NONE
2026-03-24 20:58:00+00:00,/api/normal,0.20171346365348053,0.2565313155287843,0.13333333333333333,0.0,0.04102530068868462,0,4,NONE
2026-03-24 20:58:30+00:00,/api/normal,0.1942203242281234,0.22829773679167698,0.06666666666666667,0.0,0.048192739017960756,0,2,NONE
2026-03-24 20:59:00+00:00,/api/normal,0.17255673964172485,0.21208952308963763,0.06666666666666667,0.0,0.05590779851039686,0,2,NONE
2026-03-24 20:59:30+00:00,/api/normal,0.17852250505513043,0.2508119585707197,0.1,0.0,0.08070115798471929,0,3,NONE
2026-03-24 21:00:00+00:00,/api/normal,0.2374514685194553,0.2806665033079686,0.06666666666666667,0.0,0.061115288296340615,0,2,NONE
2026-03-24 21:00:30+00:00,/api/normal,0.1702394445041737,0.17717258389244678,0.1,0.0,0.006126670927671231,0,3,NONE
2026-03-24 21:01:00+00:00,/api/normal,0.173208616003168,0.31727692327193835,0.16666666666666666,0.0,0.10974817731023045,0,5,NONE
2026-03-24 21:01:30+00:00,/api/normal,0.17044760464719172,0.2930440132187253,0.13333333333333333,0.0,0.09061833121709184,0,4,NONE
2026-03-24 21:02:00+00:00,/api/normal,0.23553257082222315,0.2938686724996506,0.1,0.0,0.050907152010625005,0,3,NONE
2026-03-24 21:02:30+00:00,/api/normal,0.04090131351492746,0.10998279868784745,0.1,0.0,0.059930858068965615,0,3,NONE
2026-03-24 21:03:00+00:00,/api/normal,0.23094970930377612,0.3207563015138126,0.1,0.0,0.08426315545086,0,3,NONE
2026-03-24 21:03:30+00:00,/api/normal,0.3111161101501543,0.4634696126906521,0.06666666666666667,0.0,0.21546038956781582,0,2,NONE
2026-03-24 21:04:00+00:00,/api/normal,0.18816377875526547,0.24295113557216538,0.1,0.0,0.054168876378653384,0,3,NONE
2026-03-24 21:04:30+00:00,/api/normal,0.23734290218868906,0.24834647073423755,0.06666666666666667,0.0,0.015561395871616661,0,2,NONE
2026-03-24 21:05:00+00:00,/api/normal,0.289963597419046,0.3845367443435668,0.06666666666666667,0.0,0.13374662701696077,0,2,NONE
2026-03-24 21:05:30+00:00,/api/normal,0.19665502161828105,0.21537071070500316,0.1,0.0,0.029653396437852746,0,3,NONE
2026-03-24 21:06:00+00:00,/api/normal,0.188405080504175,0.26495548011246595,0.1,0.0,0.11123262632572559,0,3,NONE
2026-03-24 21:06:30+00:00,/api/normal,0.26356802739088686,0.2864938750854408,0.06666666666666667,0.0,0.032422044738538096,0,2,NONE
2026-03-24 21:07:00+00:00,/api/normal,0.22143881161494133,0.3274280204534117,0.06666666666666667,0.0,0.1498913766045591,0,2,NONE
2026-03-24 21:07:30+00:00,/api/normal,0.1503452745031985,0.19793211737075647,0.06666666666666667,0.0,0.06729795857381789,0,2,NONE
2026-03-24 21:08:00+00:00,/api/normal,0.14520851609503815,0.21492806252530364,0.16666666666666666,0.0,0.04117819518014056,0,5,NONE
2026-03-24 21:08:30+00:00,/api/normal,0.1954915276133069,0.25618827460695415,0.1,0.0,0.08819731209623505,0,3,NONE
2026-03-24 16:59:00+00:00,/api/slow,0.9340124674242865,0.9340124674242865,0.03333333333333333,0.0,,0,1,NONE
2026-03-24 16:59:30+00:00,/api/slow,0.8166489347790473,0.8166489347790473,0.03333333333333333,0.0,,0,1,NONE
2026-03-24 17:00:00+00:00,/api/slow,0.8838346306892689,0.9268428788438567,0.06666666666666667,0.0,0.06082284783412572,0,2,NONE
2026-03-24 17:00:30+00:00,/api/slow,0.81708292259337,0.8660482812886277,0.06666666666666667,0.0,0.06924747435329676,0,2,NONE
2026-03-24 17:01:00+00:00,/api/slow,0.7493690410531472,0.7493690410531472,0.03333333333333333,0.0,,0,1,NONE
2026-03-24 17:01:30+00:00,/api/slow,0.5615485453140954,0.5615485453140954,0.03333333333333333,0.0,,0,1,NONE
2026-03-24 17:02:00+00:00,/api/slow,0.9251542584135919,0.9723293113416915,0.06666666666666667,0.0,0.06671559965658715,0,2,NONE
2026-03-24 17:02:30+00:00,/api/slow,0.7663297101594472,0.8031671913130637,0.1,0.0,0.06025253509906393,0,3,NONE
2026-03-24 17:03:30+00:00,/api/slow,0.8039293310812792,0.8039293310812792,0.03333333333333333,0.0,,0,1,NONE
2026-03-24 17:04:00+00:00,/api/slow,0.7760347407202531,0.7950284409039193,0.06666666666666667,0.0,0.02686114839938908,0,2,NONE
2026-03-24 17:05:00+00:00,/api/slow,0.7750290323642035,0.7750290323642035,0.03333333333333333,0.0,,0,1,NONE
2026-03-24 17:06:00+00:00,/api/slow,0.8019934916668607,0.8019934916668607,0.03333333333333333,0.0,,0,1,NONE
2026-03-24 17:06:30+00:00,/api/slow,0.8118900054321051,0.8118900054321051,0.03333333333333333,0.0,,0,1,NONE
2026-03-24 17:07:00+00:00,/api/slow,0.7214289715388678,0.7214289715388678,0.03333333333333333,0.0,,0,1,NONE
2026-03-24 17:09:00+00:00,/api/slow,0.7562719276687127,0.8602945032150157,0.06666666666666667,0.0,0.14711013713056154,0,2,NONE
2026-03-24 17:09:30+00:00,/api/slow,0.5705432764433676,0.5705432764433676,0.03333333333333333,0.0,,0,1,NONE
2026-03-24 17:10:00+00:00,/api/slow,0.789556280534867,0.8932808619572526,0.06666666666666667,0.0,0.14668870979901022,0,2,NONE
2026-03-24 17:11:00+00:00,/api/slow,0.8636418575080397,0.8636418575080397,0.03333333333333333,0.0,,0,1,NONE
2026-03-24 17:11:30+00:00,/api/slow,0.7499868840804297,0.7499868840804297,0.03333333333333333,0.0,,0,1,NONE
2026-03-24 17:12:00+00:00,/api/slow,0.7856892470423467,0.7856892470423467,0.03333333333333333,0.0,,0,1,NONE
2026-03-24 17:12:30+00:00,/api/slow,0.7198999963773682,0.7198999963773682,0.03333333333333333,0.0,,0,1,NONE
2026-03-24 17:13:00+00:00,/api/slow,0.694948538624589,0.694948538624589,0.03333333333333333,0.0,,0,1,NONE
2026-03-24 17:13:30+00:00,/api/slow,0.8667574999502508,0.9920212095235179,0.06666666666666667,0.0,0.17714963695167887,0,2,NONE
2026-03-24 17:14:00+00:00,/api/slow,0.48916784640099925,0.48916784640099925,0.03333333333333333,0.0,,0,1,NONE
2026-03-24 17:14:30+00:00,/api/slow,0.7090689959584038,0.7090689959584038,0.03333333333333333,0.0,,0,1,NONE
2026-03-24 17:15:00+00:00,/api/slow,0.8466620552523428,0.9073763051437231,0.06666666666666667,0.0,0.08586291562569924,0,2,NONE
2026-03-24 17:15:30+00:00,/api/slow,1.0463382516890367,1.0463382516890367,0.03333333333333333,0.0,,0,1,NONE
2026-03-24 17:16:00+00:00,/api/slow,0.7428784600476253,0.7428784600476253,0.03333333333333333,0.0,,0,1,NONE
2026-03-24 17:16:30+00:00,/api/slow,0.7170416280818667,0.7947744812855597,0.06666666666666667,0.0,0.10993085524261961,0,2,NONE
2026-03-24 17:17:00+00:00,/api/slow,0.6730192038285656,0.6730192038285656,0.03333333333333333,0.0,,0,1,NONE
2026-03-24 17:17:30+00:00,/api/slow,0.9220772317372196,0.9220772317372196,0.03333333333333333,0.0,,0,1,NONE
2026-03-24 17:18:00+00:00,/api/slow,0.7283509584386137,0.7283509584386137,0.03333333333333333,0.0,,0,1,NONE
2026-03-24 17:19:00+00:00,/api/slow,0.7579641175453158,0.7579641175453158,0.03333333333333333,0.0,,0,1,NONE
2026-03-24 17:20:00+00:00,/api/slow,0.6770075756744431,0.6770075756744431,0.03333333333333333,0.0,,0,1,NONE
2026-03-24 17:20:30+00:00,/api/slow,0.7847536325806868,0.7962862181376477,0.06666666666666667,0.0,0.01630953890388207,0,2,NONE
2026-03-24 17:21:30+00:00,/api/slow,0.8022411393765635,0.843439114864049,0.06666666666666667,0.0,0.05826273567671631,0,2,NONE
2026-03-24 17:22:00+00:00,/api/slow,0.8637275131899507,0.8637275131899507,0.03333333333333333,0.0,,0,1,NONE
2026-03-24 17:22:30+00:00,/api/slow,0.6500973976957589,0.8323188778650364,0.06666666666666667,0.0,0.25770008861109217,0,2,NONE
2026-03-24 17:23:30+00:00,/api/slow,0.8074379330604524,0.8074379330604524,0.03333333333333333,0.0,,0,1,NONE
2026-03-24 17:24:00+00:00,/api/slow,0.8871773152643929,0.8871773152643929,0.03333333333333333,0.0,,0,1,NONE
2026-03-24 17:24:30+00:00,/api/slow,0.749044366515083,0.8191877694412009,0.06666666666666667,0.0,0.09919775172911653,0,2,NONE
2026-03-24 17:25:00+00:00,/api/slow,0.9086432552726742,0.9086432552726742,0.03333333333333333,0.0,,0,1,NONE
2026-03-24 17:25:30+00:00,/api/slow,0.7930395678001606,0.7930395678001606,0.03333333333333333,0.0,,0,1,NONE
2026-03-24 17:26:00+00:00,/api/slow,0.8596986203680743,0.8596986203680743,0.03333333333333333,0.0,,0,1,NONE
2026-03-24 17:26:30+00:00,/api/slow,0.9333788658755224,0.9333788658755224,0.03333333333333333,0.0,,0,1,NONE
2026-03-24 17:28:30+00:00,/api/slow,0.9943688787003717,1.1337628960420227,0.06666666666666667,0.0,0.19713290983823317,0,2,NONE
2026-03-24 17:29:30+00:00,/api/slow,0.7648551663185977,0.7648551663185977,0.03333333333333333,0.0,,0,1,NONE
2026-03-24 17:30:00+00:00,/api/slow,0.8528941952860699,0.8528941952860699,0.03333333333333333,0.0,,0,1,NONE
2026-03-24 17:30:30+00:00,/api/slow,0.8125616414946184,0.893389846871429,0.06666666666666667,0.0,0.11430834426616347,0,2,NONE
2026-03-24 17:31:00+00:00,/api/slow,0.8456683893144757,0.8456683893144757,0.03333333333333333,0.0,,0,1,NONE
2026-03-24 17:33:00+00:00,/api/slow,0.7780979194645095,0.839311954248171,0.06666666666666667,0.0,0.08656971819863252,0,2,NONE
2026-03-24 17:33:30+00:00,/api/slow,0.7278571709503906,0.7278571709503906,0.03333333333333333,0.0,,0,1,NONE
2026-03-24 17:34:30+00:00,/api/slow,0.7665923068709006,0.7790740143967986,0.06666666666666667,0.0,0.017651800064699085,0,2,NONE
2026-03-24 17:35:00+00:00,/api/slow,0.9266668433797209,0.9851942971569698,0.06666666666666667,0.0,0.0827703189029498,0,2,NONE
2026-03-24 17:35:30+00:00,/api/slow,0.6686762001884924,0.6686762001884924,0.03333333333333333,0.0,,0,1,NONE
2026-03-24 17:36:30+00:00,/api/slow,0.8547170252445742,0.893420408168951,0.06666666666666667,0.0,0.05473484904137298,0,2,NONE
2026-03-24 17:37:00+00:00,/api/slow,0.6944044202141016,0.6944044202141016,0.03333333333333333,0.0,,0,1,NONE
2026-03-24 17:39:30+00:00,/api/slow,0.6083515176584438,0.6083515176584438,0.03333333333333333,0.0,,0,1,NONE
2026-03-24 17:41:30+00:00,/api/slow,0.8575846756544852,0.8575846756544852,0.03333333333333333,0.0,,0,1,NONE
2026-03-24 17:42:00+00:00,/api/slow,0.8002956804894977,0.8002956804894977,0.03333333333333333,0.0,,0,1,NONE
2026-03-24 17:42:30+00:00,/api/slow,0.7595477403782153,0.7595477403782153,0.03333333333333333,0.0,,0,1,NONE
2026-03-24 17:43:30+00:00,/api/slow,0.7799527802721404,0.8568303941926919,0.06666666666666667,0.0,0.10872136424932659,0,2,NONE
2026-03-24 17:47:00+00:00,/api/slow,0.7750182504891536,0.7750182504891536,0.03333333333333333,0.0,,0,1,NONE
2026-03-24 17:48:00+00:00,/api/slow,0.8087920126882706,0.8087920126882706,0.03333333333333333,0.0,,0,1,NONE
2026-03-24 17:48:30+00:00,/api/slow,0.8171277736007,0.8171277736007,0.03333333333333333,0.0,,0,1,NONE
2026-03-24 17:49:30+00:00,/api/slow,0.9141487169265684,0.9956873229794094,0.1,0.0,0.08294866313020134,0,3,NONE
2026-03-24 17:50:00+00:00,/api/slow,0.7645563388881274,0.7645563388881274,0.03333333333333333,0.0,,0,1,NONE
2026-03-24 17:51:30+00:00,/api/slow,0.8017321904185803,0.8017321904185803,0.03333333333333333,0.0,,0,1,NONE
2026-03-24 17:52:30+00:00,/api/slow,0.6554922318484975,0.6554922318484975,0.03333333333333333,0.0,,0,1,NONE
2026-03-24 17:53:00+00:00,/api/slow,0.845760470429559,0.845760470429559,0.03333333333333333,0.0,,0,1,NONE
2026-03-24 17:54:30+00:00,/api/slow,0.8553745784425089,0.94100872618894,0.06666666666666667,0.0,0.12110497314526451,0,2,NONE
2026-03-24 17:55:00+00:00,/api/slow,0.7550582523923743,0.8231276578665934,0.06666666666666667,0.0,0.09626467640431394,0,2,NONE
2026-03-24 17:55:30+00:00,/api/slow,0.8128880048467471,0.9182763072464092,0.1,0.0,0.10775561526299758,0,3,NONE
2026-03-24 17:56:00+00:00,/api/slow,0.679491900421207,0.679491900421207,0.03333333333333333,0.0,,0,1,NONE
2026-03-24 17:56:30+00:00,/api/slow,0.7228483316700922,0.7413493904473794,0.06666666666666667,0.0,0.02616444824110138,0,2,NONE
2026-03-24 17:57:30+00:00,/api/slow,0.8347162564175131,0.8347162564175131,0.03333333333333333,0.0,,0,1,NONE
2026-03-24 17:59:00+00:00,/api/slow,0.842152478856739,0.842152478856739,0.03333333333333333,0.0,,0,1,NONE
2026-03-24 17:59:30+00:00,/api/slow,0.769531240858818,0.7777539334868611,0.06666666666666667,0.0,0.01162864343380381,0,2,NONE
2026-03-24 18:00:30+00:00,/api/slow,0.8811772226060496,0.8811772226060496,0.03333333333333333,0.0,,0,1,NONE
2026-03-24 18:01:00+00:00,/api/slow,0.6768231430645382,0.6768231430645382,0.03333333333333333,0.0,,0,1,NONE
2026-03-24 18:01:30+00:00,/api/slow,0.7741037434252261,0.8233383860994972,0.06666666666666667,0.0,0.06962829940854723,0,2,NONE
2026-03-24 18:02:00+00:00,/api/slow,0.7883104352508645,0.8514488475796,0.06666666666666667,0.0,0.08929119902200228,0,2,NONE
2026-03-24 18:02:30+00:00,/api/slow,0.7612802990864457,0.7612802990864457,0.03333333333333333,0.0,,0,1,NONE
2026-03-24 18:03:30+00:00,/api/slow,0.6757936952477134,0.6757936952477134,0.03333333333333333,0.0,,0,1,NONE
2026-03-24 18:05:30+00:00,/api/slow,0.8214391838968805,0.8718568224727958,0.1,0.0,0.060224581578902904,0,3,NONE
2026-03-24 18:07:00+00:00,/api/slow,0.8630914984130696,0.8859251101427119,0.06666666666666667,0.0,0.03229160338602148,0,2,NONE
2026-03-24 18:07:30+00:00,/api/slow,0.7232647261717968,0.7232647261717968,0.03333333333333333,0.0,,0,1,NONE
2026-03-24 18:09:00+00:00,/api/slow,0.8194092500435218,0.8279840395748341,0.06666666666666667,0.0,0.012126583649676687,0,2,NONE
2026-03-24 18:09:30+00:00,/api/slow,0.7707836075135119,0.7707836075135119,0.03333333333333333,0.0,,0,1,NONE
2026-03-24 18:10:00+00:00,/api/slow,0.8300413939089748,0.8696848721957419,0.1,0.0,0.04049925141004962,0,3,NONE
2026-03-24 18:11:00+00:00,/api/slow,0.7759191368995084,0.7759191368995084,0.03333333333333333,0.0,,0,1,NONE
2026-03-24 18:11:30+00:00,/api/slow,0.8514058363767315,0.9243807666894692,0.06666666666666667,0.0,0.10320213616150517,0,2,NONE
2026-03-24 18:12:00+00:00,/api/slow,0.5616386326178716,0.5616386326178716,0.03333333333333333,0.0,,0,1,NONE
2026-03-24 18:12:30+00:00,/api/slow,0.7591041771565087,0.7591041771565087,0.03333333333333333,0.0,,0,1,NONE
2026-03-24 18:13:30+00:00,/api/slow,0.9213019214026174,0.9213019214026174,0.03333333333333333,0.0,,0,1,NONE
2026-03-24 18:14:00+00:00,/api/slow,0.9257643765030383,0.9257643765030383,0.03333333333333333,0.0,,0,1,NONE
2026-03-24 18:15:30+00:00,/api/slow,1.0131998132274442,1.0131998132274442,0.03333333333333333,0.0,,0,1,NONE
2026-03-24 18:17:00+00:00,/api/slow,0.6449130485007162,0.6449130485007162,0.03333333333333333,0.0,,0,1,NONE
2026-03-24 18:17:30+00:00,/api/slow,0.7059195140315108,0.8357950850785548,0.1,0.0,0.11963387575743148,0,3,NONE
2026-03-24 18:18:00+00:00,/api/slow,0.6417017295108962,0.6417017295108962,0.03333333333333333,0.0,,0,1,NONE
2026-03-24 18:19:00+00:00,/api/slow,0.7688512524573085,0.7688512524573085,0.03333333333333333,0.0,,0,1,NONE
2026-03-24 18:19:30+00:00,/api/slow,0.7441025403676127,0.7441025403676127,0.03333333333333333,0.0,,0,1,NONE
2026-03-24 18:20:00+00:00,/api/slow,0.7717769903457561,0.7717769903457561,0.03333333333333333,0.0,,0,1,NONE
2026-03-24 18:20:30+00:00,/api/slow,0.9384829518374139,0.9384829518374139,0.03333333333333333,0.0,,0,1,NONE
2026-03-24 18:21:00+00:00,/api/slow,0.655772559609063,0.655772559609063,0.03333333333333333,0.0,,0,1,NONE
2026-03-24 18:21:30+00:00,/api/slow,0.7927431271532596,0.7927431271532596,0.03333333333333333,0.0,,0,1,NONE
2026-03-24 18:22:30+00:00,/api/slow,0.9395877016990968,0.9395877016990968,0.03333333333333333,0.0,,0,1,NONE
2026-03-24 18:24:00+00:00,/api/slow,0.8922583126398432,0.9375578828976383,0.1,0.0,0.05387602555550561,0,3,NONE
2026-03-24 18:24:30+00:00,/api/slow,0.7532957289654142,0.7532957289654142,0.03333333333333333,0.0,,0,1,NONE
2026-03-24 18:25:00+00:00,/api/slow,0.7070000309857148,0.8032294947890976,0.1,0.0,0.08363472888883124,0,3,NONE
2026-03-24 18:25:30+00:00,/api/slow,0.7855995145093572,0.8755214735388451,0.1,0.0,0.10454805289820025,0,3,NONE
2026-03-24 18:26:30+00:00,/api/slow,0.7581137261235535,0.8381727104691418,0.06666666666666667,0.0,0.11322050145134606,0,2,NONE
2026-03-24 18:27:00+00:00,/api/slow,0.8625196619762163,0.8625196619762163,0.03333333333333333,0.0,,0,1,NONE
2026-03-24 18:28:00+00:00,/api/slow,0.6767823191750522,0.7124430251223021,0.06666666666666667,0.0,0.050431853994399825,0,2,NONE
2026-03-24 18:28:30+00:00,/api/slow,0.8611285278109558,0.8611285278109558,0.03333333333333333,0.0,,0,1,NONE
2026-03-24 18:29:00+00:00,/api/slow,0.7624319773096416,0.7624319773096416,0.03333333333333333,0.0,,0,1,NONE
2026-03-24 18:29:30+00:00,/api/slow,0.6501313882218464,0.6501313882218464,0.03333333333333333,0.0,,0,1,NONE
2026-03-24 18:30:00+00:00,/api/slow,0.7043717761799567,0.7043717761799567,0.03333333333333333,0.0,,0,1,NONE
2026-03-24 18:31:00+00:00,/api/slow,0.7439166548015037,0.7439166548015037,0.03333333333333333,0.0,,0,1,NONE
2026-03-24 18:31:30+00:00,/api/slow,0.8224859239819151,0.8261087710638064,0.06666666666666667,0.0,0.005123479477614523,0,2,NONE
2026-03-24 18:32:00+00:00,/api/slow,0.7057577079082181,0.7057577079082181,0.03333333333333333,0.0,,0,1,NONE
2026-03-24 18:32:30+00:00,/api/slow,0.6225107731301058,0.6906334209127744,0.06666666666666667,0.0,0.09633997239901523,0,2,NONE
2026-03-24 18:33:00+00:00,/api/slow,0.8179492687872871,0.8345751166988862,0.06666666666666667,0.0,0.023512499602535885,0,2,NONE
2026-03-24 18:34:30+00:00,/api/slow,0.872174251669531,0.872174251669531,0.03333333333333333,0.0,,0,1,NONE
2026-03-24 18:35:00+00:00,/api/slow,0.7938687402652865,0.7938687402652865,0.03333333333333333,0.0,,0,1,NONE
2026-03-24 18:35:30+00:00,/api/slow,0.8698425997432626,0.8698425997432626,0.03333333333333333,0.0,,0,1,NONE
2026-03-24 18:36:00+00:00,/api/slow,0.757054122885705,0.7575296024699787,0.06666666666666667,0.0,0.0006724296767114461,0,2,NONE
2026-03-24 18:36:30+00:00,/api/slow,0.8673601631625117,0.8673601631625117,0.03333333333333333,0.0,,0,1,NONE
2026-03-24 18:37:00+00:00,/api/slow,0.7153203757603913,0.7153203757603913,0.03333333333333333,0.0,,0,1,NONE
2026-03-24 18:38:30+00:00,/api/slow,0.6292755775530102,0.6292755775530102,0.03333333333333333,0.0,,0,1,NONE
2026-03-24 18:39:00+00:00,/api/slow,0.8179580270535913,0.8179580270535913,0.03333333333333333,0.0,,0,1,NONE
2026-03-24 18:40:00+00:00,/api/slow,0.7843438101496202,0.7843438101496202,0.03333333333333333,0.0,,0,1,NONE
2026-03-24 18:40:30+00:00,/api/slow,0.7956817542679432,0.7956817542679432,0.03333333333333333,0.0,,0,1,NONE
2026-03-24 18:41:30+00:00,/api/slow,0.6894250925295309,0.6894250925295309,0.03333333333333333,0.0,,0,1,NONE
2026-03-24 18:43:00+00:00,/api/slow,0.7229054061393354,0.7229054061393354,0.03333333333333333,0.0,,0,1,NONE
2026-03-24 18:44:30+00:00,/api/slow,0.8987469202973336,0.8987469202973336,0.03333333333333333,0.0,,0,1,NONE
2026-03-24 18:46:00+00:00,/api/slow,0.901112442018729,0.9765769845483365,0.1,0.0,0.0665082391129106,0,3,NONE
2026-03-24 18:46:30+00:00,/api/slow,0.880765814962195,0.880765814962195,0.03333333333333333,0.0,,0,1,NONE
2026-03-24 18:47:00+00:00,/api/slow,0.6901887217621003,0.6901887217621003,0.03333333333333333,0.0,,0,1,NONE
2026-03-24 18:47:30+00:00,/api/slow,0.8281861802629785,0.8447829853613471,0.06666666666666667,0.0,0.023471426862175782,0,2,NONE
2026-03-24 18:48:30+00:00,/api/slow,0.6221643269743031,0.6221643269743031,0.03333333333333333,0.0,,0,1,NONE
2026-03-24 18:49:00+00:00,/api/slow,0.8109607451410183,0.8109607451410183,0.03333333333333333,0.0,,0,1,NONE
2026-03-24 18:49:30+00:00,/api/slow,0.7823694676071868,0.8640083007564522,0.06666666666666667,0.0,0.11545474505600538,0,2,NONE
2026-03-24 18:50:00+00:00,/api/slow,0.8403733665886778,0.919734983296771,0.1,0.0,0.08381702946503893,0,3,NONE
2026-03-24 18:50:30+00:00,/api/slow,0.5973859047148831,0.5973859047148831,0.03333333333333333,0.0,,0,1,NONE
2026-03-24 18:51:30+00:00,/api/slow,1.080717982756951,1.080717982756951,0.03333333333333333,0.0,,0,1,NONE
2026-03-24 18:52:00+00:00,/api/slow,0.7583080815913174,0.7849701427633163,0.06666666666666667,0.0,0.03770584851026206,0,2,NONE
2026-03-24 18:52:30+00:00,/api/slow,0.7579001036217832,0.7579001036217832,0.03333333333333333,0.0,,0,1,NONE
2026-03-24 18:53:00+00:00,/api/slow,0.8152973637143979,0.8299043051642228,0.06666666666666667,0.0,0.020657334703131955,0,2,NONE
2026-03-24 18:53:30+00:00,/api/slow,0.7429606635849051,0.7429606635849051,0.03333333333333333,0.0,,0,1,NONE
2026-03-24 18:54:00+00:00,/api/slow,0.749789503401015,0.749789503401015,0.03333333333333333,0.0,,0,1,NONE
2026-03-24 18:55:00+00:00,/api/slow,0.9094051617327896,0.9626298434929962,0.06666666666666667,0.0,0.07527106679827601,0,2,NONE
2026-03-24 18:55:30+00:00,/api/slow,0.6712902672539021,0.6712902672539021,0.03333333333333333,0.0,,0,1,NONE
2026-03-24 18:56:30+00:00,/api/slow,0.881980261501454,0.881980261501454,0.03333333333333333,0.0,,0,1,NONE
2026-03-24 18:57:00+00:00,/api/slow,0.5956931107946938,0.5956931107946938,0.03333333333333333,0.0,,0,1,NONE
2026-03-24 18:57:30+00:00,/api/slow,0.8025003639309817,0.8025003639309817,0.03333333333333333,0.0,,0,1,NONE
2026-03-24 18:59:00+00:00,/api/slow,0.8479215217024202,0.9213999392872954,0.06666666666666667,0.0,0.10391417469024418,0,2,NONE
2026-03-24 18:59:30+00:00,/api/slow,0.9249844684868753,0.9249844684868753,0.03333333333333333,0.0,,0,1,NONE
2026-03-24 19:02:00+00:00,/api/slow,0.6766865436299634,0.7094305923523969,0.1,0.0,0.049744359464162696,0,3,NONE
2026-03-24 19:02:30+00:00,/api/slow,0.8186453856970444,0.8186453856970444,0.03333333333333333,0.0,,0,1,NONE
2026-03-24 19:03:30+00:00,/api/slow,0.9164656476411577,0.9254977834133337,0.06666666666666667,0.0,0.012773368906206586,0,2,NONE
2026-03-24 19:04:00+00:00,/api/slow,0.5417918621913582,0.5417918621913582,0.03333333333333333,0.0,,0,1,NONE
2026-03-24 19:04:30+00:00,/api/slow,0.9959043867512668,0.9959043867512668,0.03333333333333333,0.0,,0,1,NONE
2026-03-24 19:05:00+00:00,/api/slow,0.8155167025006143,0.8155167025006143,0.03333333333333333,0.0,,0,1,NONE
2026-03-24 19:06:00+00:00,/api/slow,0.8174751664186872,0.828643597636102,0.06666666666666667,0.0,0.015794546898099008,0,2,NONE
2026-03-24 19:07:00+00:00,/api/slow,0.7979160018833844,0.8519375284363693,0.06666666666666667,0.0,0.07639797551132951,0,2,NONE
2026-03-24 19:07:30+00:00,/api/slow,0.7568779817162086,0.7568779817162086,0.03333333333333333,0.0,,0,1,NONE
2026-03-24 19:08:30+00:00,/api/slow,0.703658666519665,0.703658666519665,0.03333333333333333,0.0,,0,1,NONE
2026-03-24 19:09:00+00:00,/api/slow,0.9032932993140907,0.9032932993140907,0.03333333333333333,0.0,,0,1,NONE
2026-03-24 19:09:30+00:00,/api/slow,0.7705846742866278,0.7705846742866278,0.03333333333333333,0.0,,0,1,NONE
2026-03-24 19:10:00+00:00,/api/slow,0.7272879372991102,0.7272879372991102,0.03333333333333333,0.0,,0,1,NONE
2026-03-24 19:10:30+00:00,/api/slow,0.8530172616729327,0.8530172616729327,0.03333333333333333,0.0,,0,1,NONE
2026-03-24 19:12:00+00:00,/api/slow,0.7429765163617423,0.8002371914469576,0.1,0.0,0.09122722357487117,0,3,NONE
2026-03-24 19:12:30+00:00,/api/slow,0.8305267831448129,0.9210049609028798,0.1,0.0,0.12787568230955593,0,3,NONE
2026-03-24 19:13:00+00:00,/api/slow,0.7594944210815737,0.7594944210815737,0.03333333333333333,0.0,,0,1,NONE
2026-03-24 19:13:30+00:00,/api/slow,0.7043745643007322,0.7043745643007322,0.03333333333333333,0.0,,0,1,NONE
2026-03-24 19:14:00+00:00,/api/slow,0.8772428449551524,0.8772428449551524,0.03333333333333333,0.0,,0,1,NONE
2026-03-24 19:14:30+00:00,/api/slow,0.842207554816548,0.842207554816548,0.03333333333333333,0.0,,0,1,NONE
2026-03-24 19:15:00+00:00,/api/slow,0.8727829955805432,0.8727829955805432,0.03333333333333333,0.0,,0,1,NONE
2026-03-24 19:16:00+00:00,/api/slow,0.8421901367510795,0.8421901367510795,0.03333333333333333,0.0,,0,1,NONE
2026-03-24 19:16:30+00:00,/api/slow,0.8577435997442876,0.8624893455428579,0.06666666666666667,0.0,0.006711498071913315,0,2,NONE
2026-03-24 19:17:00+00:00,/api/slow,0.7123372542224239,0.714666563889709,0.06666666666666667,0.0,0.0032941413224412967,0,2,NONE
2026-03-24 19:17:30+00:00,/api/slow,0.9024095410723202,0.9024095410723202,0.03333333333333333,0.0,,0,1,NONE
2026-03-24 19:18:00+00:00,/api/slow,0.81079209509676,0.81079209509676,0.03333333333333333,0.0,,0,1,NONE
2026-03-24 19:18:30+00:00,/api/slow,0.8613198056632067,0.8613198056632067,0.03333333333333333,0.0,,0,1,NONE
2026-03-24 19:19:00+00:00,/api/slow,1.0145193300851005,1.0145193300851005,0.03333333333333333,0.0,,0,1,NONE
2026-03-24 19:20:00+00:00,/api/slow,0.7327347449562411,0.7327347449562411,0.03333333333333333,0.0,,0,1,NONE
2026-03-24 19:20:30+00:00,/api/slow,0.8143196593848867,0.8717269303068791,0.06666666666666667,0.0,0.08118614111670835,0,2,NONE
2026-03-24 19:22:30+00:00,/api/slow,0.9209042475111564,0.9231600501076722,0.06666666666666667,0.0,0.003190186626029062,0,2,NONE
2026-03-24 19:23:30+00:00,/api/slow,0.7430242532984863,0.7430242532984863,0.03333333333333333,0.0,,0,1,NONE
2026-03-24 19:24:00+00:00,/api/slow,0.8187471333030091,0.8187471333030091,0.03333333333333333,0.0,,0,1,NONE
2026-03-24 19:25:30+00:00,/api/slow,0.7298324102577219,0.7298324102577219,0.03333333333333333,0.0,,0,1,NONE
2026-03-24 19:26:30+00:00,/api/slow,0.6265091609143599,0.6265091609143599,0.03333333333333333,0.0,,0,1,NONE
2026-03-24 19:27:00+00:00,/api/slow,0.7143115787332975,0.7143115787332975,0.03333333333333333,0.0,,0,1,NONE
2026-03-24 19:27:30+00:00,/api/slow,0.8147947330087862,0.8147947330087862,0.03333333333333333,0.0,,0,1,NONE
2026-03-24 19:28:00+00:00,/api/slow,0.804349435904226,0.8633378285073565,0.06666666666666667,0.0,0.08342218484193602,0,2,NONE
2026-03-24 19:28:30+00:00,/api/slow,0.7796337018161023,0.8332757419376768,0.1,0.0,0.08092618278454355,0,3,NONE
2026-03-24 19:30:30+00:00,/api/slow,0.7766472339234827,0.8515761398712405,0.06666666666666667,0.0,0.10596547500509715,0,2,NONE
2026-03-24 19:31:00+00:00,/api/slow,0.7704943643708528,0.7728122763597353,0.06666666666666667,0.0,0.0032780225710648397,0,2,NONE
2026-03-24 19:31:30+00:00,/api/slow,0.9195590564440037,1.0231370828098463,0.06666666666666667,0.0,0.14648144965041263,0,2,NONE
2026-03-24 19:32:00+00:00,/api/slow,0.6943089940655712,0.6943089940655712,0.03333333333333333,0.0,,0,1,NONE
2026-03-24 19:32:30+00:00,/api/slow,0.6882774836757307,0.6882774836757307,0.03333333333333333,0.0,,0,1,NONE
2026-03-24 19:34:30+00:00,/api/slow,0.7256205118541501,0.78839367899508,0.06666666666666667,0.0,0.08877466432381599,0,2,NONE
2026-03-24 19:36:00+00:00,/api/slow,0.8478532318634121,0.8478532318634121,0.03333333333333333,0.0,,0,1,NONE
2026-03-24 19:36:30+00:00,/api/slow,0.7873521253497962,0.7873521253497962,0.03333333333333333,0.0,,0,1,NONE
2026-03-24 19:38:00+00:00,/api/slow,0.8184123336502802,0.9685989021185352,0.1,0.0,0.15018270012696391,0,3,NONE
2026-03-24 19:38:30+00:00,/api/slow,0.702537052132876,0.7793540079652819,0.06666666666666667,0.0,0.10863558075840331,0,2,NONE
2026-03-24 19:40:00+00:00,/api/slow,0.7030821262221488,0.7030821262221488,0.03333333333333333,0.0,,0,1,NONE
2026-03-24 19:41:00+00:00,/api/slow,0.769982575905013,0.8336855219576006,0.06666666666666667,0.0,0.0900895702706911,0,2,NONE
2026-03-24 19:42:00+00:00,/api/slow,0.7855718424147533,0.8078774811106917,0.06666666666666667,0.0,0.03154493676119029,0,2,NONE
2026-03-24 19:42:30+00:00,/api/slow,0.8189172095181292,0.8189172095181292,0.03333333333333333,0.0,,0,1,NONE
2026-03-24 19:43:00+00:00,/api/slow,0.8325658042277604,0.8325658042277604,0.03333333333333333,0.0,,0,1,NONE
2026-03-24 19:44:00+00:00,/api/slow,0.7695193093142376,0.7695193093142376,0.03333333333333333,0.0,,0,1,NONE
2026-03-24 19:45:00+00:00,/api/slow,0.8488946071695722,0.8488946071695722,0.03333333333333333,0.0,,0,1,NONE
2026-03-24 19:45:30+00:00,/api/slow,0.7495497284085157,0.7495497284085157,0.03333333333333333,0.0,,0,1,NONE
2026-03-24 19:46:00+00:00,/api/slow,0.8460719384297802,0.8460719384297802,0.03333333333333333,0.0,,0,1,NONE
2026-03-24 19:46:30+00:00,/api/slow,0.738164501193132,0.738164501193132,0.03333333333333333,0.0,,0,1,NONE
2026-03-24 19:47:00+00:00,/api/slow,0.8095707904329019,0.8095707904329019,0.03333333333333333,0.0,,0,1,NONE
2026-03-24 19:47:30+00:00,/api/slow,0.7996774383026657,0.9194246966547045,0.1,0.0,0.14609543632066876,0,3,NONE
2026-03-24 19:48:00+00:00,/api/slow,0.414219570853531,0.414219570853531,0.03333333333333333,0.0,,0,1,NONE
2026-03-24 19:49:30+00:00,/api/slow,0.7549900488398755,0.8530776770032792,0.06666666666666667,0.0,0.1387168540496945,0,2,NONE
2026-03-24 19:50:00+00:00,/api/slow,0.6470170340775393,0.6470170340775393,0.03333333333333333,0.0,,0,1,NONE
2026-03-24 19:51:30+00:00,/api/slow,0.7016967008937287,0.7016967008937287,0.03333333333333333,0.0,,0,1,NONE
2026-03-24 19:52:00+00:00,/api/slow,0.8963620035496133,1.0248200125481843,0.06666666666666667,0.0,0.1816670585212243,0,2,NONE
2026-03-24 19:52:30+00:00,/api/slow,0.8364335387735218,0.8623352832008602,0.06666666666666667,0.0,0.03663059825826369,0,2,NONE
2026-03-24 19:53:30+00:00,/api/slow,0.7163684684395695,0.7163684684395695,0.03333333333333333,0.0,,0,1,NONE
2026-03-24 19:54:30+00:00,/api/slow,5.870126206449523,6.192473810367233,0.13333333333333333,0.0,0.40811816359248554,0,4,TIMEOUT_ERROR
2026-03-24 19:55:00+00:00,/api/slow,4.904608691911884,6.423250092431593,0.16666666666666666,0.0,2.29367292800411,0,5,TIMEOUT_ERROR
2026-03-24 19:55:30+00:00,/api/slow,6.663114166128042,6.948495506709327,0.1,0.0,0.31357239578042184,0,3,TIMEOUT_ERROR
2026-03-24 19:56:00+00:00,/api/slow,6.304387571228397,6.773111742496839,0.1,0.0,0.5367393457652595,0,3,TIMEOUT_ERROR
2026-03-24 19:56:30+00:00,/api/slow,0.8287074572235319,0.9456801553623881,0.1,0.0,0.162922639981084,0,3,NONE
2026-03-24 19:57:30+00:00,/api/slow,0.8489197310751602,0.8489197310751602,0.03333333333333333,0.0,,0,1,NONE
2026-03-24 19:58:00+00:00,/api/slow,5.686158651837698,5.893487275002998,0.13333333333333333,0.0,0.23489925897156028,0,4,TIMEOUT_ERROR
2026-03-24 19:58:30+00:00,/api/slow,4.574995451766629,6.217375473298952,0.16666666666666666,0.0,2.1408465617222574,0,5,TIMEOUT_ERROR
2026-03-24 19:59:00+00:00,/api/slow,3.5106334660380982,6.3724187585881,0.06666666666666667,0.0,4.0471755733240675,0,2,NONE
2026-03-24 19:59:30+00:00,/api/slow,3.0238646165298038,5.356331760296606,0.06666666666666667,0.0,3.298606668504647,0,2,NONE
2026-03-24 20:00:00+00:00,/api/slow,5.054524348225876,6.914321840502106,0.13333333333333333,0.0,2.784342282498883,0,4,TIMEOUT_ERROR
2026-03-24 20:00:30+00:00,/api/slow,6.064997293946256,6.064997293946256,0.03333333333333333,0.0,,0,1,TIMEOUT_ERROR
2026-03-24 20:01:00+00:00,/api/slow,5.7981453951173965,6.2328781544767216,0.06666666666666667,0.0,0.6148049642938369,0,2,TIMEOUT_ERROR
2026-03-24 20:02:00+00:00,/api/slow,3.3721055491749294,6.008397691276541,0.06666666666666667,0.0,3.7282801017377185,0,2,NONE
2026-03-24 20:02:30+00:00,/api/slow,6.538284250935249,6.734396209053946,0.06666666666666667,0.0,0.27734419091500534,0,2,TIMEOUT_ERROR
2026-03-24 20:03:00+00:00,/api/slow,6.22354703449899,6.446704397451897,0.06666666666666667,0.0,0.31559216923141653,0,2,TIMEOUT_ERROR
2026-03-24 20:03:30+00:00,/api/slow,2.0787166476356083,5.593305962927996,0.13333333333333333,0.0,2.34461231046327,0,4,NONE
2026-03-24 20:04:00+00:00,/api/slow,5.309309737479812,5.478163432216583,0.1,0.0,0.1494619817246792,0,3,TIMEOUT_ERROR
2026-03-24 20:04:30+00:00,/api/slow,2.8873343084659724,6.998473644203631,0.1,0.0,3.561030710617174,0,3,NONE
2026-03-24 20:05:00+00:00,/api/slow,6.203307673044659,6.474171870824887,0.06666666666666667,0.0,0.38305982206210737,0,2,TIMEOUT_ERROR
2026-03-24 20:05:30+00:00,/api/slow,3.0941172394762426,6.644821374699322,0.16666666666666666,0.0,3.2175765840860175,0,5,NONE
2026-03-24 20:06:00+00:00,/api/slow,5.971461369826457,6.219787031100753,0.13333333333333333,0.0,0.18250287748005053,0,4,TIMEOUT_ERROR
2026-03-24 20:06:30+00:00,/api/slow,6.4230537845425815,6.531885522724948,0.1,0.0,0.18838117962394915,0,3,TIMEOUT_ERROR
2026-03-24 20:07:00+00:00,/api/slow,5.74699934827307,5.74699934827307,0.03333333333333333,0.0,,0,1,TIMEOUT_ERROR
2026-03-24 20:07:30+00:00,/api/slow,6.063176725633223,6.16809246667449,0.06666666666666667,0.0,0.1483732638869838,0,2,TIMEOUT_ERROR
2026-03-24 20:08:00+00:00,/api/slow,3.270124299599807,5.719788703634072,0.06666666666666667,0.0,3.464348623447863,0,2,NONE
2026-03-24 20:08:30+00:00,/api/slow,0.9005256822073833,0.9005256822073833,0.03333333333333333,0.0,,0,1,NONE
2026-03-24 20:09:00+00:00,/api/slow,3.770661466774097,5.364256174125825,0.1,0.0,2.7025488319648794,0,3,TIMEOUT_ERROR
2026-03-24 20:09:30+00:00,/api/slow,6.897381405811925,7.3719288592631695,0.06666666666666667,0.0,0.6711114446603654,0,2,TIMEOUT_ERROR
2026-03-24 20:10:00+00:00,/api/slow,5.483395258174534,5.986115151162645,0.06666666666666667,0.0,0.7109532907385372,0,2,TIMEOUT_ERROR
2026-03-24 20:10:30+00:00,/api/slow,6.133699432829657,6.135176713802499,0.06666666666666667,0.0,0.0020891907872289533,0,2,TIMEOUT_ERROR
2026-03-24 20:11:30+00:00,/api/slow,6.065284002605067,6.364560128349479,0.06666666666666667,0.0,0.4232403559222221,0,2,TIMEOUT_ERROR
2026-03-24 20:12:00+00:00,/api/slow,5.502519740854321,5.69852049150887,0.06666666666666667,0.0,0.27718691981097004,0,2,TIMEOUT_ERROR
2026-03-24 20:12:30+00:00,/api/slow,3.6792334934927813,6.56078761602913,0.06666666666666667,0.0,4.075132920803008,0,2,NONE
2026-03-24 20:13:00+00:00,/api/slow,5.5440676863666685,5.599956813701826,0.06666666666666667,0.0,0.07903916186657707,0,2,TIMEOUT_ERROR
2026-03-24 20:13:30+00:00,/api/slow,5.979164824148738,6.203182421567551,0.06666666666666667,0.0,0.3168087244799217,0,2,TIMEOUT_ERROR
2026-03-24 20:14:00+00:00,/api/slow,3.591506696597609,6.290800440433605,0.06666666666666667,0.0,3.817377821361713,0,2,NONE
2026-03-24 20:14:30+00:00,/api/slow,0.6728703710601659,0.7012992168753631,0.06666666666666667,0.0,0.04020445931446552,0,2,NONE
2026-03-24 20:15:00+00:00,/api/slow,6.314957097041582,6.869019661841211,0.1,0.0,0.8086558820325083,0,3,TIMEOUT_ERROR
2026-03-24 20:15:30+00:00,/api/slow,6.1540709111170635,6.284781375032872,0.06666666666666667,0.0,0.18485251081381582,0,2,TIMEOUT_ERROR
2026-03-24 20:16:00+00:00,/api/slow,4.264161934417895,6.1126627957733035,0.1,0.0,3.14652219130016,0,3,TIMEOUT_ERROR
2026-03-24 20:16:30+00:00,/api/slow,2.5228318381395383,6.161474550323848,0.1,0.0,3.151806561076816,0,3,NONE
2026-03-24 20:17:00+00:00,/api/slow,6.041438848486104,6.048847928305613,0.06666666666666667,0.0,0.010478021165454748,0,2,TIMEOUT_ERROR
2026-03-24 20:17:30+00:00,/api/slow,4.031702263027732,5.854888506942347,0.1,0.0,2.7709973871987836,0,3,TIMEOUT_ERROR
2026-03-24 20:18:00+00:00,/api/slow,4.047427687482147,6.333214376313312,0.16666666666666666,0.0,2.8662973159525214,0,5,TIMEOUT_ERROR
2026-03-24 20:18:30+00:00,/api/slow,6.048912607490198,6.459754627169189,0.06666666666666667,0.0,0.5810183562227825,0,2,TIMEOUT_ERROR
2026-03-24 20:19:00+00:00,/api/slow,3.7962301017775486,6.230374850012569,0.16666666666666666,0.0,2.8156260651548175,0,5,TIMEOUT_ERROR
2026-03-24 20:19:30+00:00,/api/slow,3.409603145701453,5.920089588384139,0.06666666666666667,0.0,3.55036397539564,0,2,NONE
2026-03-24 20:20:00+00:00,/api/slow,0.6205340687688388,0.6205340687688388,0.03333333333333333,0.0,,0,1,NONE
2026-03-24 20:20:30+00:00,/api/slow,2.45030577818991,5.791042361957778,0.1,0.0,2.893309367605956,0,3,NONE
2026-03-24 20:21:00+00:00,/api/slow,5.951106785853018,6.057741003806525,0.13333333333333333,0.0,0.1081745758225094,0,4,TIMEOUT_ERROR
2026-03-24 20:21:30+00:00,/api/slow,4.492223572129908,7.226871587149972,0.1,0.0,3.4212431511660775,0,3,TIMEOUT_ERROR
2026-03-24 20:22:00+00:00,/api/slow,3.8852550679930618,6.2937624749669325,0.16666666666666666,0.0,2.7330929642850124,0,5,TIMEOUT_ERROR
2026-03-24 20:22:30+00:00,/api/slow,5.4072544903216375,5.795352182044975,0.1,0.0,0.40317372704276827,0,3,TIMEOUT_ERROR
2026-03-24 20:23:00+00:00,/api/slow,0.7342651332318618,0.7342651332318618,0.03333333333333333,0.0,,0,1,NONE
2026-03-24 20:23:30+00:00,/api/slow,5.981708306990425,6.57102588156174,0.16666666666666666,0.0,0.44369830187057147,0,5,TIMEOUT_ERROR
2026-03-24 20:24:00+00:00,/api/slow,3.5357411126921643,6.318989085900922,0.06666666666666667,0.0,3.936107031159254,0,2,NONE
2026-03-24 20:25:00+00:00,/api/slow,5.897931719570908,6.2664797751823755,0.06666666666666667,0.0,0.5212056586319713,0,2,TIMEOUT_ERROR
2026-03-24 20:25:30+00:00,/api/slow,0.5184850500825285,0.5184850500825285,0.03333333333333333,0.0,,0,1,NONE
2026-03-24 20:26:00+00:00,/api/slow,5.76778681217197,5.76778681217197,0.03333333333333333,0.0,,0,1,TIMEOUT_ERROR
2026-03-24 20:26:30+00:00,/api/slow,6.18981774155472,6.357747509120308,0.1,0.0,0.22364212619319818,0,3,TIMEOUT_ERROR
2026-03-24 20:27:00+00:00,/api/slow,6.319021608649652,6.611210955847944,0.06666666666666667,0.0,0.4132181375887655,0,2,TIMEOUT_ERROR
2026-03-24 20:27:30+00:00,/api/slow,4.70620601510817,6.510373378329354,0.13333333333333333,0.0,2.635481198331532,0,4,TIMEOUT_ERROR
2026-03-24 20:28:00+00:00,/api/slow,3.3864833446155744,5.9381983410297225,0.06666666666666667,0.0,3.608669955239702,0,2,NONE
2026-03-24 20:28:30+00:00,/api/slow,0.7727967150224833,0.7727967150224833,0.03333333333333333,0.0,,0,1,NONE
2026-03-24 20:29:00+00:00,/api/slow,6.099842201878662,6.1681623876773495,0.06666666666666667,0.0,0.09661933334035325,0,2,TIMEOUT_ERROR
2026-03-24 20:29:30+00:00,/api/slow,4.832521235253576,6.307126842819585,0.16666666666666666,0.0,2.387900602708387,0,5,TIMEOUT_ERROR
2026-03-24 20:30:00+00:00,/api/slow,6.515576504415994,6.625024892453101,0.06666666666666667,0.0,0.15478339474195102,0,2,TIMEOUT_ERROR
2026-03-24 20:30:30+00:00,/api/slow,3.0303189645606166,5.369416644364105,0.06666666666666667,0.0,3.307983662493533,0,2,NONE
2026-03-24 20:31:00+00:00,/api/slow,4.338342678966782,6.2761764107338855,0.1,0.0,3.092281197032302,0,3,TIMEOUT_ERROR
2026-03-24 20:31:30+00:00,/api/slow,6.194054529902539,6.294206993520996,0.06666666666666667,0.0,0.1416369723542989,0,2,TIMEOUT_ERROR
2026-03-24 20:32:00+00:00,/api/slow,5.9067574933504545,5.910634040927516,0.06666666666666667,0.0,0.005482266158665822,0,2,TIMEOUT_ERROR
2026-03-24 20:32:30+00:00,/api/slow,6.093049122745339,6.093049122745339,0.03333333333333333,0.0,,0,1,TIMEOUT_ERROR
2026-03-24 20:33:00+00:00,/api/slow,2.7394697303175604,6.7273880580140775,0.1,0.0,3.4586811593870337,0,3,NONE
2026-03-24 20:33:30+00:00,/api/slow,4.463213749380692,6.470765627549427,0.13333333333333333,0.0,2.5176856897132542,0,4,TIMEOUT_ERROR
2026-03-24 20:34:00+00:00,/api/slow,5.88269537612133,6.014009936320445,0.1,0.0,0.14278388837413242,0,3,TIMEOUT_ERROR
2026-03-24 20:34:30+00:00,/api/slow,5.081369988907471,5.081369988907471,0.03333333333333333,0.0,,0,1,TIMEOUT_ERROR
2026-03-24 20:35:00+00:00,/api/slow,6.414967911366751,6.595022395236421,0.1,0.0,0.15594208902765996,0,3,TIMEOUT_ERROR
2026-03-24 20:35:30+00:00,/api/slow,5.793215013069002,5.883019269487989,0.06666666666666667,0.0,0.12700239738656396,0,2,TIMEOUT_ERROR
2026-03-24 20:36:00+00:00,/api/slow,5.937657098818249,5.937657098818249,0.03333333333333333,0.0,,0,1,TIMEOUT_ERROR
2026-03-24 20:36:30+00:00,/api/slow,5.70435039188622,5.70435039188622,0.03333333333333333,0.0,,0,1,TIMEOUT_ERROR
2026-03-24 20:37:00+00:00,/api/slow,6.549315377089446,6.675948710117367,0.13333333333333333,0.0,0.16169911435568343,0,4,TIMEOUT_ERROR
2026-03-24 20:37:30+00:00,/api/slow,0.7513982448338065,0.7513982448338065,0.03333333333333333,0.0,,0,1,NONE
2026-03-24 20:38:00+00:00,/api/slow,5.496953478260938,5.496953478260938,0.03333333333333333,0.0,,0,1,TIMEOUT_ERROR
2026-03-24 20:38:30+00:00,/api/slow,3.215245667974813,5.706157121922048,0.06666666666666667,0.0,3.5226807608426647,0,2,NONE
2026-03-24 20:39:00+00:00,/api/slow,4.407029755652366,6.844161582995761,0.1,0.0,3.132976798289736,0,3,TIMEOUT_ERROR
2026-03-24 20:39:30+00:00,/api/slow,4.353456819305325,6.335342819196977,0.1,0.0,3.009640857858078,0,3,TIMEOUT_ERROR
2026-03-24 20:40:00+00:00,/api/slow,5.1405507859788315,6.978362470041544,0.13333333333333333,0.0,2.8261338648559535,0,4,TIMEOUT_ERROR
2026-03-24 20:40:30+00:00,/api/slow,5.8686797206871555,5.90879795312181,0.06666666666666667,0.0,0.05673574840752429,0,2,TIMEOUT_ERROR
2026-03-24 20:41:00+00:00,/api/slow,6.326815834473349,6.326815834473349,0.03333333333333333,0.0,,0,1,TIMEOUT_ERROR
2026-03-24 20:41:30+00:00,/api/slow,4.225445880587844,6.16141809521671,0.1,0.0,3.0028913793639815,0,3,TIMEOUT_ERROR
2026-03-24 20:42:00+00:00,/api/slow,6.569724273751214,6.997465728404657,0.1,0.0,0.46129636933692214,0,3,TIMEOUT_ERROR
2026-03-24 20:42:30+00:00,/api/slow,6.2566273945636075,7.072396853723881,0.1,0.0,0.8516745619085018,0,3,TIMEOUT_ERROR
2026-03-24 20:43:00+00:00,/api/slow,6.1795936549071016,6.304700554465384,0.06666666666666667,0.0,0.17692787410177227,0,2,TIMEOUT_ERROR
2026-03-24 20:43:30+00:00,/api/slow,2.5816633381098053,5.892266505677904,0.1,0.0,2.86924947555502,0,3,NONE
2026-03-24 20:44:00+00:00,/api/slow,3.140031129882665,5.407364559466332,0.06666666666666667,0.0,3.206493686539125,0,2,NONE
2026-03-24 20:44:30+00:00,/api/slow,4.288770562477239,6.40352404185321,0.13333333333333333,0.0,2.4962570889837474,0,4,TIMEOUT_ERROR
2026-03-24 20:45:00+00:00,/api/slow,0.8075790386282286,0.8075790386282286,0.03333333333333333,0.0,,0,1,NONE
2026-03-24 20:45:30+00:00,/api/slow,2.6669490381729313,5.832143258102191,0.16666666666666666,0.0,2.707700120483339,0,5,NONE
2026-03-24 20:46:00+00:00,/api/slow,6.246998774718554,6.302779101689939,0.06666666666666667,0.0,0.07888529491653908,0,2,TIMEOUT_ERROR
2026-03-24 20:46:30+00:00,/api/slow,5.24473222650285,5.755715800326798,0.1,0.0,0.44320699389386226,0,3,TIMEOUT_ERROR
2026-03-24 20:47:00+00:00,/api/slow,5.338269158113171,5.633446745676017,0.1,0.0,0.4009715575436465,0,3,TIMEOUT_ERROR
2026-03-24 20:47:30+00:00,/api/slow,2.4300226864804633,5.778020876880581,0.1,0.0,2.899558074760416,0,3,NONE
2026-03-24 20:48:00+00:00,/api/slow,2.524282887077567,5.870823279765962,0.1,0.0,2.898423625576923,0,3,NONE
2026-03-24 20:48:30+00:00,/api/slow,5.998539492593768,6.068909120759639,0.06666666666666667,0.0,0.0995176825313265,0,2,TIMEOUT_ERROR
2026-03-24 20:49:00+00:00,/api/slow,5.534892788512188,5.549103050575929,0.06666666666666667,0.0,0.020096345335417133,0,2,TIMEOUT_ERROR
2026-03-24 20:49:30+00:00,/api/slow,5.948077331909291,6.087549484380688,0.13333333333333333,0.0,0.2132966201787038,0,4,TIMEOUT_ERROR
2026-03-24 20:50:00+00:00,/api/slow,5.542844385509668,5.542844385509668,0.03333333333333333,0.0,,0,1,TIMEOUT_ERROR
2026-03-24 20:50:30+00:00,/api/slow,5.421363045194105,5.677120917160303,0.1,0.0,0.31081330491246867,0,3,TIMEOUT_ERROR
2026-03-24 20:51:00+00:00,/api/slow,4.064447642174944,6.115094796022696,0.1,0.0,2.861313646866993,0,3,TIMEOUT_ERROR
2026-03-24 20:51:30+00:00,/api/slow,3.814705030358911,6.86223437725287,0.06666666666666667,0.0,4.309857334107457,0,2,NONE
2026-03-24 20:52:00+00:00,/api/slow,3.1842497719154785,5.573402639835915,0.06666666666666667,0.0,3.3787723883956566,0,2,NONE
2026-03-24 20:52:30+00:00,/api/slow,6.157587824949255,6.685510017531128,0.16666666666666666,0.0,0.48404393319184214,0,5,TIMEOUT_ERROR
2026-03-24 20:53:00+00:00,/api/slow,4.50816404237051,6.455142785356271,0.1,0.0,3.1905964273958194,0,3,TIMEOUT_ERROR
2026-03-24 20:53:30+00:00,/api/slow,5.906033310985231,6.28060163005158,0.06666666666666667,0.0,0.5297195968589237,0,2,TIMEOUT_ERROR
2026-03-24 20:54:00+00:00,/api/slow,5.542880489505307,5.542880489505307,0.03333333333333333,0.0,,0,1,TIMEOUT_ERROR
2026-03-24 20:54:30+00:00,/api/slow,5.583362569799853,6.133273328016547,0.1,0.0,0.47683292173904845,0,3,TIMEOUT_ERROR
2026-03-24 20:55:00+00:00,/api/slow,3.387899468549535,6.035465615695745,0.13333333333333333,0.0,2.9812263828375207,0,4,NONE
2026-03-24 20:55:30+00:00,/api/slow,5.585511624486223,5.65844485566577,0.06666666666666667,0.0,0.10314316468180793,0,2,TIMEOUT_ERROR
2026-03-24 20:56:00+00:00,/api/slow,5.901676784450332,6.121311614743575,0.13333333333333333,0.0,0.21146288720061554,0,4,TIMEOUT_ERROR
2026-03-24 20:56:30+00:00,/api/slow,5.7855356472381,6.113896770158916,0.06666666666666667,0.0,0.4643727533906768,0,2,TIMEOUT_ERROR
2026-03-24 20:57:00+00:00,/api/slow,4.068409386474892,5.995703532941223,0.1,0.0,3.00606000612544,0,3,TIMEOUT_ERROR
2026-03-24 20:57:30+00:00,/api/slow,5.153464403224429,6.57646531311664,0.2,0.0,2.1864739262947412,0,6,TIMEOUT_ERROR
2026-03-24 20:58:00+00:00,/api/slow,0.8675709386349654,0.8675709386349654,0.03333333333333333,0.0,,0,1,NONE
2026-03-24 20:58:30+00:00,/api/slow,3.535360153851233,6.194709193522812,0.06666666666666667,0.0,3.7608874789874127,0,2,NONE
2026-03-24 20:59:00+00:00,/api/slow,3.539189541115964,6.188399943536806,0.06666666666666667,0.0,3.7465492806834395,0,2,NONE
2026-03-24 20:59:30+00:00,/api/slow,6.037001288934547,6.237458055987229,0.1,0.0,0.2394020187389882,0,3,TIMEOUT_ERROR
2026-03-24 21:00:00+00:00,/api/slow,6.17895031926243,6.63148858176007,0.06666666666666667,0.0,0.6399857483169186,0,2,TIMEOUT_ERROR
2026-03-24 21:00:30+00:00,/api/slow,6.307843274417813,6.334402873192584,0.06666666666666667,0.0,0.03756094479846912,0,2,TIMEOUT_ERROR
2026-03-24 21:01:00+00:00,/api/slow,6.096641230096442,6.096641230096442,0.03333333333333333,0.0,,0,1,TIMEOUT_ERROR
2026-03-24 21:01:30+00:00,/api/slow,6.02204740027592,6.2130951093277265,0.06666666666666667,0.0,0.2701822612013743,0,2,TIMEOUT_ERROR
2026-03-24 21:02:00+00:00,/api/slow,5.60627230274476,5.987605866972559,0.1,0.0,0.38516553562226974,0,3,TIMEOUT_ERROR
2026-03-24 21:02:30+00:00,/api/slow,5.618671770403105,5.618671770403105,0.03333333333333333,0.0,,0,1,TIMEOUT_ERROR
2026-03-24 21:03:00+00:00,/api/slow,5.459662022679949,5.998198914827199,0.06666666666666667,0.0,0.7616061767128977,0,2,TIMEOUT_ERROR
2026-03-24 21:03:30+00:00,/api/slow,3.5255174216134066,6.23686791599269,0.13333333333333333,0.0,3.1278770192044516,0,4,NONE
2026-03-24 21:04:00+00:00,/api/slow,4.406545298732456,6.286475297685025,0.1,0.0,3.2312384859860064,0,3,TIMEOUT_ERROR
2026-03-24 21:04:30+00:00,/api/slow,3.760043044092969,6.506331415907858,0.06666666666666667,0.0,3.8838382616081413,0,2,NONE
2026-03-24 21:05:00+00:00,/api/slow,3.645650831614415,6.496048558047803,0.06666666666666667,0.0,4.031071122879532,0,2,NONE
2026-03-24 21:05:30+00:00,/api/slow,3.153610840004779,5.754588427278261,0.06666666666666667,0.0,3.6783377793506085,0,2,NONE
2026-03-24 21:06:00+00:00,/api/slow,5.326145472410905,5.876613876015601,0.06666666666666667,0.0,0.7784798820356286,0,2,TIMEOUT_ERROR
2026-03-24 21:06:30+00:00,/api/slow,5.86682534018418,6.257684434583147,0.13333333333333333,0.0,0.4577801558143284,0,4,TIMEOUT_ERROR
2026-03-24 21:07:00+00:00,/api/slow,4.936190987396529,4.936190987396529,0.03333333333333333,0.0,,0,1,TIMEOUT_ERROR
2026-03-24 21:07:30+00:00,/api/slow,5.849434400640161,6.041932774400072,0.13333333333333333,0.0,0.16264344586826934,0,4,TIMEOUT_ERROR
2026-03-24 21:08:00+00:00,/api/slow,5.97883017290966,5.97883017290966,0.03333333333333333,0.0,,0,1,TIMEOUT_ERROR
2026-03-24 21:08:30+00:00,/api/slow,4.154090936274491,6.030176314418339,0.1,0.0,2.977628447013683,0,3,TIMEOUT_ERROR
2026-03-24 21:09:00+00:00,/api/slow,0.9333068202570144,0.9768973837314043,0.06666666666666667,0.0,0.06164636605696752,0,2,NONE
2026-03-24 17:00:00+00:00,/api/validate,0.35968876451439824,0.35968876451439824,0.03333333333333333,0.0,,0,1,NONE
2026-03-24 17:00:30+00:00,/api/validate,0.342519875688832,0.342519875688832,0.03333333333333333,1.0,,1,1,VALIDATION_ERROR
2026-03-24 17:01:00+00:00,/api/validate,0.2154292239027134,0.2154292239027134,0.03333333333333333,0.0,,0,1,NONE
2026-03-24 17:02:30+00:00,/api/validate,0.28847629473288405,0.28847629473288405,0.03333333333333333,0.0,,0,1,NONE
2026-03-24 17:03:30+00:00,/api/validate,0.3404679832231097,0.3404679832231097,0.03333333333333333,0.0,,0,1,NONE
2026-03-24 17:04:00+00:00,/api/validate,0.2884201350353872,0.313551698841806,0.06666666666666667,0.5,0.0355413983786822,1,2,NONE
2026-03-24 17:05:30+00:00,/api/validate,0.319537217739778,0.4616028169543371,0.06666666666666667,0.5,0.20091109715589,1,2,NONE
2026-03-24 17:06:30+00:00,/api/validate,0.15753137978298454,0.15753137978298454,0.03333333333333333,1.0,,1,1,VALIDATION_ERROR
2026-03-24 17:07:00+00:00,/api/validate,0.23880499723370024,0.23880499723370024,0.03333333333333333,0.0,,0,1,NONE
2026-03-24 17:09:30+00:00,/api/validate,0.27207676020421356,0.27207676020421356,0.03333333333333333,0.0,,0,1,NONE
2026-03-24 17:12:00+00:00,/api/validate,0.45537288630319583,0.45537288630319583,0.03333333333333333,0.0,,0,1,NONE
2026-03-24 17:15:00+00:00,/api/validate,0.30505554860968237,0.30505554860968237,0.03333333333333333,1.0,,1,1,VALIDATION_ERROR
2026-03-24 17:15:30+00:00,/api/validate,0.2294485961707548,0.2294485961707548,0.03333333333333333,1.0,,1,1,VALIDATION_ERROR
2026-03-24 17:17:30+00:00,/api/validate,0.3650978495712359,0.3650978495712359,0.03333333333333333,1.0,,1,1,VALIDATION_ERROR
2026-03-24 17:18:00+00:00,/api/validate,0.2475963719438549,0.28609407143542037,0.06666666666666667,0.0,0.05444396874113571,0,2,NONE
2026-03-24 17:19:30+00:00,/api/validate,0.21253547426531086,0.21253547426531086,0.03333333333333333,0.0,,0,1,NONE
2026-03-24 17:23:30+00:00,/api/validate,0.4007224535512574,0.4007224535512574,0.03333333333333333,1.0,,1,1,VALIDATION_ERROR
2026-03-24 17:24:00+00:00,/api/validate,0.1762347557444487,0.1762347557444487,0.03333333333333333,0.0,,0,1,NONE
2026-03-24 17:25:30+00:00,/api/validate,0.32076250374003545,0.3564381677952939,0.1,0.3333333333333333,0.04619357489787025,1,3,NONE
2026-03-24 17:26:00+00:00,/api/validate,0.32493845929916093,0.32493845929916093,0.03333333333333333,0.0,,0,1,NONE
2026-03-24 17:27:30+00:00,/api/validate,0.24206860411141745,0.24206860411141745,0.03333333333333333,0.0,,0,1,NONE
2026-03-24 17:29:30+00:00,/api/validate,0.33394738110184496,0.33394738110184496,0.03333333333333333,0.0,,0,1,NONE
2026-03-24 17:31:30+00:00,/api/validate,0.3462230560287553,0.3462230560287553,0.03333333333333333,0.0,,0,1,NONE
2026-03-24 17:33:30+00:00,/api/validate,0.4298939841128666,0.4298939841128666,0.03333333333333333,1.0,,1,1,VALIDATION_ERROR
2026-03-24 17:35:30+00:00,/api/validate,0.14013986368890116,0.14013986368890116,0.03333333333333333,0.0,,0,1,NONE
2026-03-24 17:36:00+00:00,/api/validate,0.3717242384275134,0.4116529744072349,0.06666666666666667,0.5,0.05646775995093674,1,2,NONE
2026-03-24 17:37:00+00:00,/api/validate,0.14141583068164104,0.14141583068164104,0.03333333333333333,0.0,,0,1,NONE
2026-03-24 17:37:30+00:00,/api/validate,0.39423713305716923,0.39423713305716923,0.03333333333333333,0.0,,0,1,NONE
2026-03-24 17:38:30+00:00,/api/validate,0.3805235047030088,0.3805235047030088,0.03333333333333333,0.0,,0,1,NONE
2026-03-24 17:39:00+00:00,/api/validate,0.32081544540465323,0.44569479219861996,0.1,0.0,0.11350808344635528,0,3,NONE
2026-03-24 17:40:30+00:00,/api/validate,0.18736749163443459,0.18736749163443459,0.03333333333333333,1.0,,1,1,VALIDATION_ERROR
2026-03-24 17:41:00+00:00,/api/validate,0.44222093498947446,0.44222093498947446,0.03333333333333333,0.0,,0,1,NONE
2026-03-24 17:43:30+00:00,/api/validate,0.23855593213903278,0.23855593213903278,0.03333333333333333,0.0,,0,1,NONE
2026-03-24 17:45:00+00:00,/api/validate,0.4319939502516445,0.4319939502516445,0.03333333333333333,0.0,,0,1,NONE
2026-03-24 17:45:30+00:00,/api/validate,0.22605392111540368,0.22605392111540368,0.03333333333333333,1.0,,1,1,VALIDATION_ERROR
2026-03-24 17:47:00+00:00,/api/validate,0.05478568418709845,0.05478568418709845,0.03333333333333333,1.0,,1,1,VALIDATION_ERROR
2026-03-24 17:49:00+00:00,/api/validate,0.16546911996637673,0.16546911996637673,0.03333333333333333,0.0,,0,1,NONE
2026-03-24 17:51:30+00:00,/api/validate,0.10593911991957225,0.10593911991957225,0.03333333333333333,0.0,,0,1,NONE
2026-03-24 17:52:30+00:00,/api/validate,0.2008696356775742,0.2384422774669427,0.06666666666666667,0.0,0.053135739592710986,0,2,NONE
2026-03-24 17:54:00+00:00,/api/validate,0.40878212272132947,0.40878212272132947,0.03333333333333333,0.0,,0,1,NONE
2026-03-24 17:54:30+00:00,/api/validate,0.3304491267966596,0.3304491267966596,0.03333333333333333,0.0,,0,1,NONE
2026-03-24 17:58:30+00:00,/api/validate,0.31363257798259675,0.40450131200839645,0.06666666666666667,0.5,0.1285077960549595,1,2,NONE
2026-03-24 18:00:00+00:00,/api/validate,0.33507923392025035,0.33507923392025035,0.03333333333333333,0.0,,0,1,NONE
2026-03-24 18:01:00+00:00,/api/validate,0.1851501546628585,0.1851501546628585,0.03333333333333333,0.0,,0,1,NONE
2026-03-24 18:02:30+00:00,/api/validate,0.38433475391085525,0.38433475391085525,0.03333333333333333,0.0,,0,1,NONE
2026-03-24 18:03:00+00:00,/api/validate,0.2727373858918728,0.2727373858918728,0.03333333333333333,1.0,,1,1,VALIDATION_ERROR
2026-03-24 18:04:00+00:00,/api/validate,0.38143786866082724,0.38143786866082724,0.03333333333333333,0.0,,0,1,NONE
2026-03-24 18:05:00+00:00,/api/validate,0.26971255611289346,0.2832188898790406,0.06666666666666667,0.0,0.01910084039002297,0,2,NONE
2026-03-24 18:06:00+00:00,/api/validate,0.28600171805101426,0.28600171805101426,0.03333333333333333,0.0,,0,1,NONE
2026-03-24 18:06:30+00:00,/api/validate,0.3580503559475273,0.3580503559475273,0.03333333333333333,1.0,,1,1,VALIDATION_ERROR
2026-03-24 18:07:00+00:00,/api/validate,0.23027150708933652,0.23027150708933652,0.03333333333333333,0.0,,0,1,NONE
2026-03-24 18:09:00+00:00,/api/validate,0.21627389425704246,0.21627389425704246,0.03333333333333333,0.0,,0,1,NONE
2026-03-24 18:10:30+00:00,/api/validate,0.3335533645570822,0.3335533645570822,0.03333333333333333,1.0,,1,1,VALIDATION_ERROR
2026-03-24 18:11:00+00:00,/api/validate,0.3857508126489063,0.4284152773209381,0.06666666666666667,0.0,0.06033666457057512,0,2,NONE
2026-03-24 18:12:00+00:00,/api/validate,0.28059470765958766,0.2846179103413985,0.06666666666666667,0.5,0.005689667796792689,1,2,NONE
2026-03-24 18:13:00+00:00,/api/validate,0.26598795788777163,0.26598795788777163,0.03333333333333333,1.0,,1,1,VALIDATION_ERROR
2026-03-24 18:15:00+00:00,/api/validate,0.1299337834925326,0.1299337834925326,0.03333333333333333,0.0,,0,1,NONE
2026-03-24 18:16:30+00:00,/api/validate,0.34218655487291416,0.3473143478508603,0.06666666666666667,0.5,0.0072517943744529615,1,2,NONE
2026-03-24 18:17:00+00:00,/api/validate,0.3035034650489227,0.3170367289965216,0.06666666666666667,1.0,0.019138925417869147,2,2,VALIDATION_ERROR
2026-03-24 18:18:00+00:00,/api/validate,0.19563536048634203,0.19563536048634203,0.03333333333333333,0.0,,0,1,NONE
2026-03-24 18:21:00+00:00,/api/validate,0.366537046960467,0.366537046960467,0.03333333333333333,1.0,,1,1,VALIDATION_ERROR
2026-03-24 18:21:30+00:00,/api/validate,0.2998800339509149,0.3073673045214852,0.06666666666666667,0.5,0.010588599586057524,1,2,NONE
2026-03-24 18:26:00+00:00,/api/validate,0.3321206244684796,0.3321206244684796,0.03333333333333333,0.0,,0,1,NONE
2026-03-24 18:27:00+00:00,/api/validate,0.3635743004501736,0.3635743004501736,0.03333333333333333,0.0,,0,1,NONE
2026-03-24 18:27:30+00:00,/api/validate,0.3558543437505824,0.3558543437505824,0.03333333333333333,0.0,,0,1,NONE
2026-03-24 18:29:00+00:00,/api/validate,0.3103168340333087,0.3103168340333087,0.03333333333333333,1.0,,1,1,VALIDATION_ERROR
2026-03-24 18:33:00+00:00,/api/validate,0.3297703031268723,0.3297703031268723,0.03333333333333333,1.0,,1,1,VALIDATION_ERROR
2026-03-24 18:45:30+00:00,/api/validate,0.2026681541950205,0.2026681541950205,0.03333333333333333,0.0,,0,1,NONE
2026-03-24 18:46:30+00:00,/api/validate,0.19057114940346076,0.19057114940346076,0.03333333333333333,0.0,,0,1,NONE
2026-03-24 18:47:00+00:00,/api/validate,0.26328909421509894,0.26328909421509894,0.03333333333333333,0.0,,0,1,NONE
2026-03-24 18:47:30+00:00,/api/validate,0.30047577151095745,0.30047577151095745,0.03333333333333333,1.0,,1,1,VALIDATION_ERROR
2026-03-24 18:48:30+00:00,/api/validate,0.19061615794374032,0.19061615794374032,0.03333333333333333,0.0,,0,1,NONE
2026-03-24 18:51:00+00:00,/api/validate,0.3524361451152019,0.3524361451152019,0.03333333333333333,1.0,,1,1,VALIDATION_ERROR
2026-03-24 18:51:30+00:00,/api/validate,0.40701066697764854,0.40701066697764854,0.03333333333333333,0.0,,0,1,NONE
2026-03-24 18:55:00+00:00,/api/validate,0.3734241181629647,0.3902281547837225,0.06666666666666667,0.5,0.023764496491689855,1,2,NONE
2026-03-24 18:55:30+00:00,/api/validate,0.2142919281392687,0.2142919281392687,0.03333333333333333,1.0,,1,1,VALIDATION_ERROR
2026-03-24 18:56:00+00:00,/api/validate,0.4169707876965373,0.4880304714667115,0.06666666666666667,1.0,0.1004935685257237,2,2,VALIDATION_ERROR
2026-03-24 18:58:00+00:00,/api/validate,0.3745579555059808,0.3745579555059808,0.03333333333333333,0.0,,0,1,NONE
2026-03-24 18:58:30+00:00,/api/validate,0.11801468917141222,0.11801468917141222,0.03333333333333333,0.0,,0,1,NONE
2026-03-24 19:00:30+00:00,/api/validate,0.30764532828989627,0.30764532828989627,0.03333333333333333,0.0,,0,1,NONE
2026-03-24 19:03:30+00:00,/api/validate,0.1194319926883754,0.1194319926883754,0.03333333333333333,0.0,,0,1,NONE
2026-03-24 19:06:00+00:00,/api/validate,0.27690292757953044,0.27690292757953044,0.03333333333333333,0.0,,0,1,NONE
2026-03-24 19:07:00+00:00,/api/validate,0.35213875211258816,0.35213875211258816,0.03333333333333333,0.0,,0,1,NONE
2026-03-24 19:07:30+00:00,/api/validate,0.34629050072233675,0.34629050072233675,0.03333333333333333,1.0,,1,1,VALIDATION_ERROR
2026-03-24 19:08:30+00:00,/api/validate,0.37769131089154817,0.37769131089154817,0.03333333333333333,0.0,,0,1,NONE
2026-03-24 19:09:30+00:00,/api/validate,0.23152622034068612,0.35390324123115735,0.1,0.3333333333333333,0.12198714561641712,1,3,NONE
2026-03-24 19:10:00+00:00,/api/validate,0.3639224570292612,0.3639224570292612,0.03333333333333333,0.0,,0,1,NONE
2026-03-24 19:14:30+00:00,/api/validate,0.2634312047388591,0.2634312047388591,0.03333333333333333,0.0,,0,1,NONE
2026-03-24 19:16:00+00:00,/api/validate,0.283633582544593,0.283633582544593,0.03333333333333333,0.0,,0,1,NONE
2026-03-24 19:16:30+00:00,/api/validate,0.31146243488777337,0.31146243488777337,0.03333333333333333,0.0,,0,1,NONE
2026-03-24 19:18:30+00:00,/api/validate,0.44960456266151927,0.44960456266151927,0.03333333333333333,0.0,,0,1,NONE
2026-03-24 19:21:30+00:00,/api/validate,0.3280227415080785,0.3280227415080785,0.03333333333333333,1.0,,1,1,VALIDATION_ERROR
2026-03-24 19:23:30+00:00,/api/validate,0.23876628835343044,0.23876628835343044,0.03333333333333333,0.0,,0,1,NONE
2026-03-24 19:25:00+00:00,/api/validate,0.18145036038759255,0.18145036038759255,0.03333333333333333,0.0,,0,1,NONE
2026-03-24 19:28:30+00:00,/api/validate,0.2059187761012488,0.2059187761012488,0.03333333333333333,1.0,,1,1,VALIDATION_ERROR
2026-03-24 19:31:30+00:00,/api/validate,0.2789672108761267,0.2789672108761267,0.03333333333333333,0.0,,0,1,NONE
2026-03-24 19:33:00+00:00,/api/validate,0.15302635912698773,0.15302635912698773,0.03333333333333333,0.0,,0,1,NONE
2026-03-24 19:37:30+00:00,/api/validate,0.43368664105867955,0.43368664105867955,0.03333333333333333,0.0,,0,1,NONE
2026-03-24 19:38:00+00:00,/api/validate,0.3862093805103319,0.3862093805103319,0.03333333333333333,0.0,,0,1,NONE
2026-03-24 19:39:30+00:00,/api/validate,0.2684098997462161,0.2684098997462161,0.03333333333333333,0.0,,0,1,NONE
2026-03-24 19:41:00+00:00,/api/validate,0.3877001833643929,0.3877001833643929,0.03333333333333333,0.0,,0,1,NONE
2026-03-24 19:43:30+00:00,/api/validate,0.38892991794802445,0.38892991794802445,0.03333333333333333,0.0,,0,1,NONE
2026-03-24 19:46:00+00:00,/api/validate,0.364424461801269,0.364424461801269,0.03333333333333333,0.0,,0,1,NONE
2026-03-24 19:46:30+00:00,/api/validate,0.35753034157064184,0.35753034157064184,0.03333333333333333,0.0,,0,1,NONE
2026-03-24 19:47:00+00:00,/api/validate,0.23626766934583915,0.23626766934583915,0.03333333333333333,0.0,,0,1,NONE
2026-03-24 19:48:00+00:00,/api/validate,0.07942508039986304,0.07942508039986304,0.03333333333333333,0.0,,0,1,NONE
2026-03-24 19:48:30+00:00,/api/validate,0.32515763188092267,0.32515763188092267,0.03333333333333333,0.0,,0,1,NONE
2026-03-24 19:49:00+00:00,/api/validate,0.24761322822012785,0.31187164113444543,0.06666666666666667,0.5,0.09087511903999837,1,2,NONE
2026-03-24 19:50:00+00:00,/api/validate,0.3191809160668213,0.3191809160668213,0.03333333333333333,0.0,,0,1,NONE
2026-03-24 19:50:30+00:00,/api/validate,0.4232411608143254,0.4232411608143254,0.03333333333333333,1.0,,1,1,VALIDATION_ERROR
2026-03-24 19:52:30+00:00,/api/validate,0.2690181739155627,0.2690181739155627,0.03333333333333333,0.0,,0,1,NONE
2026-03-24 19:54:00+00:00,/api/validate,0.3241263169926138,0.3241263169926138,0.03333333333333333,0.0,,0,1,NONE
2026-03-24 19:56:00+00:00,/api/validate,0.378282076041233,0.378282076041233,0.03333333333333333,1.0,,1,1,VALIDATION_ERROR
2026-03-24 19:56:30+00:00,/api/validate,0.28702684607776585,0.28702684607776585,0.03333333333333333,1.0,,1,1,VALIDATION_ERROR
2026-03-24 19:59:30+00:00,/api/validate,0.23621686891576543,0.2470775820654949,0.06666666666666667,0.0,0.015359367833391264,0,2,NONE
2026-03-24 20:00:30+00:00,/api/validate,0.2721274156790246,0.2721274156790246,0.03333333333333333,0.0,,0,1,NONE
2026-03-24 20:02:00+00:00,/api/validate,0.35517322708666726,0.35517322708666726,0.03333333333333333,0.0,,0,1,NONE
2026-03-24 20:04:00+00:00,/api/validate,0.2657053619513702,0.2657053619513702,0.03333333333333333,1.0,,1,1,VALIDATION_ERROR
2026-03-24 20:10:00+00:00,/api/validate,0.21364913716567432,0.21364913716567432,0.03333333333333333,0.0,,0,1,NONE
2026-03-24 20:13:00+00:00,/api/validate,0.3860473931756346,0.5182289064989176,0.1,0.0,0.11460043637730481,0,3,NONE
2026-03-24 20:13:30+00:00,/api/validate,0.1528466133670407,0.1528466133670407,0.03333333333333333,1.0,,1,1,VALIDATION_ERROR
2026-03-24 20:15:30+00:00,/api/validate,0.23420383478451484,0.23420383478451484,0.03333333333333333,0.0,,0,1,NONE
2026-03-24 20:16:30+00:00,/api/validate,0.32457184761933233,0.32457184761933233,0.03333333333333333,1.0,,1,1,VALIDATION_ERROR
2026-03-24 20:21:30+00:00,/api/validate,0.22648579471455196,0.22648579471455196,0.03333333333333333,0.0,,0,1,NONE
2026-03-24 20:22:30+00:00,/api/validate,0.37661811321160904,0.37661811321160904,0.03333333333333333,0.0,,0,1,NONE
2026-03-24 20:25:00+00:00,/api/validate,0.26160994230143336,0.26160994230143336,0.03333333333333333,1.0,,1,1,VALIDATION_ERROR
2026-03-24 20:26:00+00:00,/api/validate,0.2959995322736978,0.2959995322736978,0.03333333333333333,1.0,,1,1,VALIDATION_ERROR
2026-03-24 20:27:00+00:00,/api/validate,0.09061951767508994,0.09061951767508994,0.03333333333333333,1.0,,1,1,VALIDATION_ERROR
2026-03-24 20:32:00+00:00,/api/validate,0.3566128514362313,0.39180327241260227,0.06666666666666667,0.5,0.049766770610402494,1,2,NONE
2026-03-24 20:32:30+00:00,/api/validate,0.2860506814694893,0.2860506814694893,0.03333333333333333,0.0,,0,1,NONE
2026-03-24 20:33:00+00:00,/api/validate,0.33671473182120193,0.33671473182120193,0.03333333333333333,0.0,,0,1,NONE
2026-03-24 20:34:30+00:00,/api/validate,0.21901937315361564,0.26759034267037096,0.06666666666666667,0.5,0.06868972382820555,1,2,NONE
2026-03-24 20:35:00+00:00,/api/validate,0.381674747474799,0.381674747474799,0.03333333333333333,0.0,,0,1,NONE
2026-03-24 20:36:00+00:00,/api/validate,0.32335696279435344,0.32335696279435344,0.03333333333333333,0.0,,0,1,NONE
2026-03-24 20:36:30+00:00,/api/validate,0.1784775072357337,0.28423198346832473,0.06666666666666667,1.0,0.14955941456979338,2,2,VALIDATION_ERROR
2026-03-24 20:37:00+00:00,/api/validate,0.27938621174057726,0.27938621174057726,0.03333333333333333,0.0,,0,1,NONE
2026-03-24 20:40:30+00:00,/api/validate,0.2686449888474802,0.2686449888474802,0.03333333333333333,0.0,,0,1,NONE
2026-03-24 20:41:00+00:00,/api/validate,0.3368211177999001,0.3368211177999001,0.03333333333333333,0.0,,0,1,NONE
2026-03-24 20:42:00+00:00,/api/validate,0.20847089305314154,0.20847089305314154,0.03333333333333333,1.0,,1,1,VALIDATION_ERROR
2026-03-24 20:43:00+00:00,/api/validate,0.47169575944111275,0.47169575944111275,0.03333333333333333,0.0,,0,1,NONE
2026-03-24 20:45:00+00:00,/api/validate,0.19316155053873307,0.19316155053873307,0.03333333333333333,0.0,,0,1,NONE
2026-03-24 20:45:30+00:00,/api/validate,0.37378940147269807,0.37378940147269807,0.03333333333333333,0.0,,0,1,NONE
2026-03-24 20:47:30+00:00,/api/validate,0.5303163284795406,0.5303163284795406,0.03333333333333333,0.0,,0,1,NONE
2026-03-24 20:48:30+00:00,/api/validate,0.4068953322394512,0.4068953322394512,0.03333333333333333,0.0,,0,1,NONE
2026-03-24 20:51:30+00:00,/api/validate,0.2804378964515793,0.2804378964515793,0.03333333333333333,1.0,,1,1,VALIDATION_ERROR
2026-03-24 20:53:30+00:00,/api/validate,0.31966744045698525,0.4265702206735429,0.06666666666666667,0.0,0.151183361637646,0,2,NONE
2026-03-24 20:54:30+00:00,/api/validate,0.25809126201985183,0.5120089786647312,0.06666666666666667,0.5,0.35909387860599695,1,2,NONE
2026-03-24 20:56:00+00:00,/api/validate,0.23173173258850774,0.23173173258850774,0.03333333333333333,1.0,,1,1,VALIDATION_ERROR
2026-03-24 20:57:00+00:00,/api/validate,0.30438927601025967,0.30438927601025967,0.03333333333333333,1.0,,1,1,VALIDATION_ERROR
2026-03-24 20:58:00+00:00,/api/validate,0.41185846646118984,0.41185846646118984,0.03333333333333333,0.0,,0,1,NONE
2026-03-24 20:58:30+00:00,/api/validate,0.417528309306861,0.6101132538465073,0.06666666666666667,1.0,0.27235624047683804,2,2,VALIDATION_ERROR
2026-03-24 20:59:00+00:00,/api/validate,0.1492269598084764,0.1492269598084764,0.03333333333333333,0.0,,0,1,NONE
2026-03-24 21:02:30+00:00,/api/validate,0.4221040000824791,0.4221040000824791,0.03333333333333333,1.0,,1,1,VALIDATION_ERROR
2026-03-24 21:05:00+00:00,/api/validate,0.41887094411017833,0.41887094411017833,0.03333333333333333,0.0,,0,1,NONE
2026-03-24 21:07:00+00:00,/api/validate,0.2912201908040278,0.3904411078114103,0.06666666666666667,0.0,0.14031956650293562,0,2,NONE
